date,open,high,low,close,volume
2001-08-20,101.255,102.835,101.255,102.695,60765500
2001-08-21,102.743,103.213,102.683,103.133,19927710
2001-08-22,103.332,103.402,103.022,103.222,13132740
2001-08-23,103.26,103.3,103.08,103.11,9544530
2001-08-24,103.158,103.158,102.908,102.958,7068480
2001-08-27,103.023,103.073,102.893,103.073,5987220
2001-08-28,103.162,103.232,103.052,103.142,6488500
2001-08-29,103.17,103.2,103.1,103.15,6182640
2001-08-30,103.168,103.168,102.938,102.988,6794810
2001-08-31,103.037,103.087,102.947,103.037,4295470
2001-09-03,103.072,103.072,102.892,102.932,5554890
2001-09-04,102.97,103.13,102.92,103.07,5932390
2001-09-05,103.118,103.618,103.118,103.308,12092300
2001-09-06,103.527,103.827,103.437,103.797,10764850
2001-09-07,103.785,104.495,103.745,104.485,18133020
2001-09-10,104.51,104.7,104.12,104.17,12056240
2001-09-11,104.158,104.498,104.118,104.398,8241710
2001-09-12,104.477,104.757,104.297,104.757,14340680
2001-09-13,104.825,105.175,104.825,105.125,14347650
2001-09-14,105.113,105.363,104.563,104.613,17071640
2001-09-17,104.728,105.178,103.628,105.178,7312020
2001-09-18,105.016,105.466,104.816,105.236,9803300
2001-09-19,105.225,105.445,105.125,105.285,9771900
2001-09-20,105.363,105.373,105.193,105.313,5158400
2001-09-21,105.261,105.371,105.251,105.321,4151930
2001-09-24,105.366,107.246,105.366,107.246,17500100
2001-09-25,107.235,107.935,106.975,107.385,28417990
2001-09-26,107.373,107.703,107.323,107.463,13123910
2001-09-27,107.451,107.541,107.171,107.401,7575420
2001-09-28,107.38,107.5,107.2,107.4,7839940
2001-10-08,107.633,107.713,107.203,107.303,8367850
2001-10-09,107.341,107.411,107.071,107.401,8358670
2001-10-10,107.28,107.64,107.28,107.49,8146020
2001-10-11,107.528,108.008,107.418,107.488,10725240
2001-10-12,107.436,107.476,106.386,107.476,23261690
2001-10-15,107.111,107.301,106.901,107.101,6488220
2001-10-16,106.99,107.07,106.82,107.07,6714750
2001-10-17,106.888,107.318,106.888,107.268,7600490
2001-10-18,107.266,107.336,107.196,107.266,3917220
2001-10-19,107.185,107.355,107.175,107.215,2232140
2001-10-22,107.22,108.47,107.18,108.02,17553690
2001-10-23,107.708,108.058,106.008,108.008,30683350
2001-10-24,107.896,108.196,107.446,107.886,21519810
2001-10-25,107.685,108.085,107.515,107.985,8665920
2001-10-26,107.953,108.273,107.953,108.103,20510530
2001-10-29,108.058,108.118,107.818,107.878,4503520
2001-10-30,107.926,107.926,107.426,107.486,8066220
2001-10-31,107.515,107.905,107.365,107.755,11593770
2001-11-01,107.603,107.773,107.423,107.653,3507960
2001-11-02,107.451,107.451,106.841,107.101,14324030
2001-11-05,107.066,107.206,106.906,107.126,7046970
2001-11-06,107.025,107.525,106.995,107.435,10228070
2001-11-07,107.463,107.983,107.463,107.783,13145050
2001-11-08,107.771,108.021,107.621,107.911,5955210
2001-11-09,108.32,109.5,107.92,109.33,27735440
2001-11-12,109.825,109.825,108.575,108.605,12578190
2001-11-13,108.563,108.793,108.363,108.563,4412710
2001-11-14,108.701,108.911,108.571,108.781,5013280
2001-11-15,108.79,109.02,108.59,108.64,4335430
2001-11-16,108.228,108.678,107.938,108.638,6872410
2001-11-19,108.613,108.743,108.543,108.643,5210640
2001-11-20,108.731,108.981,108.601,108.661,4495830
2001-11-21,108.67,108.83,108.56,108.59,5316310
2001-11-22,108.578,108.708,108.468,108.608,5534490
2001-11-23,108.646,108.686,108.536,108.586,2687300
2001-11-26,108.551,108.591,108.211,108.481,3609260
2001-11-27,108.48,108.54,108.12,108.17,11541900
2001-11-28,108.168,108.388,108.088,108.308,6846340
2001-11-29,108.296,108.296,107.816,107.926,7102200
2001-11-30,107.914,108.044,107.704,107.914,2397090
2001-12-03,107.919,107.919,106.829,106.999,7234030
2001-12-04,106.948,107.018,106.558,106.838,5433900
2001-12-05,106.906,107.206,106.666,107.196,7841720
2001-12-06,107.204,107.484,106.844,106.934,5558970
2001-12-07,107.083,107.083,106.883,107.033,2597840
2001-12-10,107.028,107.128,106.868,106.898,2302790
2001-12-11,106.436,106.586,105.836,105.866,10932970
2001-12-12,105.804,106.054,105.354,105.844,7963410
2001-12-13,105.843,105.853,105.633,105.673,1852060
2001-12-14,105.701,105.981,105.651,105.801,4293560
2001-12-17,105.826,105.846,105.666,105.706,4275730
2001-12-18,105.704,105.744,105.604,105.654,3965400
2001-12-19,105.643,105.943,105.543,105.913,4995660
2001-12-20,105.901,106.121,105.781,105.941,3956590
2001-12-21,105.979,105.979,105.649,105.799,4687000
2001-12-24,105.814,105.934,105.384,105.514,9308740
2001-12-25,105.533,105.733,105.483,105.643,11145340
2001-12-26,105.661,105.761,105.561,105.651,7138080
2001-12-27,105.669,106.059,105.639,105.949,7219910
2001-12-28,105.958,106.288,105.948,106.018,17048000
2001-12-31,106.183,106.453,106.003,106.343,9556670
2002-01-04,106.206,106.346,105.806,105.846,6955640
2002-01-07,106.111,106.111,105.821,105.961,2086070
2002-01-08,105.989,106.279,105.909,106.279,2252100
2002-01-09,106.268,106.578,106.268,106.548,6221070
2002-01-10,106.626,107.086,106.546,106.876,10213830
2002-01-11,106.914,107.224,106.874,107.194,3692710
2002-01-14,106.939,107.239,106.839,106.999,8194220
2002-01-15,107.008,107.028,106.738,106.978,4155030
2002-01-16,107.026,107.516,107.016,107.436,6222840
2002-01-17,107.404,107.984,107.404,107.934,8170320
2002-01-18,107.983,108.353,107.793,107.893,14698590
2002-01-21,107.838,108.618,107.838,108.508,9587920
2002-01-22,108.526,108.526,107.646,107.996,8879900
2002-01-23,107.934,108.214,107.644,107.694,3158250
2002-01-24,107.723,108.223,107.723,108.083,4800600
2002-01-25,108.111,108.341,108.111,108.141,4293300
2002-01-28,107.876,108.266,107.876,108.056,2581440
2002-01-29,108.094,108.744,107.884,108.724,19593140
2002-01-31,108.778,108.818,108.238,108.778,20778630
2002-02-01,108.687,108.717,108.477,108.637,6149910
2002-02-04,108.622,108.662,108.552,108.622,3252950
2002-02-05,108.57,108.62,108.52,108.54,2054280
2002-02-06,108.498,108.568,108.418,108.478,3971650
2002-02-07,108.467,108.487,108.407,108.477,3460860
2002-02-08,108.455,108.615,108.435,108.535,4206880
2002-02-25,109.887,110.087,108.337,108.717,20357230
2002-02-26,108.685,108.875,108.525,108.785,7609660
2002-02-27,108.823,108.823,108.663,108.673,2931840
2002-02-28,108.662,108.852,108.622,108.792,8340810
2002-03-01,108.8,108.86,108.62,108.66,5565490
2002-03-04,108.625,108.725,108.625,108.655,1374570
2002-03-05,108.653,108.883,108.603,108.723,8760860
2002-03-06,108.712,108.762,108.592,108.662,5312100
2002-03-07,108.65,108.7,108.48,108.53,10088650
2002-03-08,108.368,108.438,108.188,108.288,13028990
2002-03-11,108.153,108.273,108.083,108.133,15308100
2002-03-12,108.122,108.172,108.062,108.072,4312400
2002-03-13,108.06,108.11,107.81,108.05,7929990
2002-03-14,108.028,108.028,107.488,107.798,3147710
2002-03-15,107.777,107.877,107.337,107.837,7069850
2002-03-18,107.712,108.132,107.702,107.992,6931940
2002-03-19,107.98,108.32,107.94,108.2,8497950
2002-03-20,108.208,108.218,108.038,108.138,3929140
2002-03-21,108.136,108.466,108.066,108.316,8477990
2002-03-22,108.305,108.335,108.165,108.205,3638480
2002-03-25,108.26,108.26,107.9,107.99,6131100
2002-03-26,107.99,108.06,107.8,107.99,5839480
2002-03-27,107.99,108.01,107.9,107.95,4795340
2002-03-28,107.95,107.99,107.78,107.89,6664260
2002-03-29,108.01,108.01,107.9,107.98,3851310
2002-04-01,107.98,107.98,107.84,107.87,4880790
2002-04-02,107.88,108.08,107.83,107.95,5758630
2002-04-03,107.95,108.52,107.95,108.49,8228300
2002-04-04,108.5,108.95,108.36,108.63,5548980
2002-04-05,108.6,108.76,108.49,108.7,1959490
2002-04-08,108.7,109.1,108.7,109.09,2628430
2002-04-09,109.12,109.89,109.01,109.37,8552560
2002-04-10,109.4,109.9,109.4,109.89,8029190
2002-04-11,109.95,110.3,109.81,110.09,17290880
2002-04-12,110.09,110.25,109.7,109.82,6688510
2002-04-15,109.8,109.94,109.7,109.89,2582420
2002-04-16,109.9,110.17,109.9,110.14,2165130
2002-04-17,110.16,110.45,109.98,110.13,8204790
2002-04-18,110.18,110.18,109.81,109.94,3911440
2002-04-19,109.2,110.12,109.2,110.1,4065330
2002-04-22,110.05,110.09,109.95,110.04,4890050
2002-04-23,110.02,110.36,110.0,110.3,7195640
2002-04-24,110.3,110.4,110.15,110.3,11986120
2002-04-25,110.36,110.44,110.26,110.37,2279150
2002-04-26,110.4,110.46,110.27,110.29,6119790
2002-04-29,110.27,110.66,110.27,110.62,7475090
2002-04-30,110.65,111.05,110.64,110.99,11478270
2002-05-08,111.04,111.25,110.81,111.19,4042340
2002-05-09,111.1,111.32,111.05,111.24,5180480
2002-05-10,111.28,111.54,111.16,111.47,6984340
2002-05-13,111.45,111.97,111.4,111.8,6331820
2002-05-14,111.85,112.97,111.8,112.89,5802250
2002-05-15,112.9,113.4,112.86,112.96,10290380
2002-05-16,112.96,114.0,112.96,113.75,12197910
2002-05-17,113.85,114.2,113.76,113.95,19319200
2002-05-20,113.97,114.36,113.85,114.3,7885230
2002-05-21,114.25,114.34,114.02,114.28,7779490
2002-05-22,114.28,115.24,114.28,115.2,10631050
2002-05-23,115.21,116.15,115.21,115.61,22373830
2002-05-24,116.2,117.11,116.12,116.39,20961860
2002-05-27,116.6,116.67,116.13,116.45,7502510
2002-05-28,116.46,116.89,116.39,116.87,15791270
2002-05-29,117.0,117.19,116.91,117.06,12909020
2002-05-30,116.9,117.44,116.9,117.02,11699020
2002-05-31,116.98,117.1,116.0,116.19,15861990
2002-06-03,116.09,116.43,115.75,115.8,10256400
2002-06-04,115.9,116.15,115.42,115.86,7668990
2002-06-05,115.84,116.18,115.81,116.06,4116200
2002-06-06,116.1,116.14,115.88,116.05,4871510
2002-06-07,116.0,116.05,115.88,116.05,2237550
2002-06-10,115.99,116.61,115.98,116.5,8567010
2002-06-11,116.38,116.67,116.38,116.42,6996760
2002-06-12,116.46,116.6,116.36,116.37,5699280
2002-06-13,116.41,116.44,116.22,116.35,4965910
2002-06-14,116.4,116.4,116.2,116.3,2969870
2002-06-17,116.25,116.33,115.88,116.0,5572290
2002-06-18,116.0,116.0,115.46,115.59,15683800
2002-06-19,115.51,115.58,115.3,115.46,7038340
2002-06-20,115.47,115.65,115.36,115.52,7172030
2002-06-21,115.5,115.58,115.09,115.09,14489170
2002-06-24,113.2,114.0,112.9,113.1,27364330
2002-06-25,113.1,113.55,112.6,113.27,10238640
2002-06-26,113.3,113.69,113.3,113.64,6078460
2002-06-27,113.66,113.97,113.65,113.9,7531460
2002-06-28,113.95,114.35,113.95,114.35,3805640
2002-07-01,114.4,114.58,114.1,114.2,3522420
2002-07-02,114.19,114.34,114.18,114.26,1859610
2002-07-03,114.26,114.38,114.24,114.36,2152080
2002-07-04,114.36,114.57,114.36,114.54,3651350
2002-07-05,114.56,115.08,114.52,115.04,3387050
2002-07-08,115.08,115.37,115.06,115.17,6489160
2002-07-09,115.2,115.27,114.82,115.01,2782540
2002-07-10,115.0,115.07,114.78,114.85,1564180
2002-07-11,114.73,114.84,114.33,114.51,4535270
2002-07-12,114.45,114.65,114.4,114.6,3978580
2002-07-15,114.54,114.54,114.05,114.11,2642640
2002-07-16,114.15,114.15,113.65,113.79,5209100
2002-07-17,113.8,113.89,113.4,113.5,4741150
2002-07-18,113.45,113.5,112.83,113.0,7998240
2002-07-19,112.95,113.4,112.51,113.23,6322790
2002-07-22,113.28,113.38,112.78,112.9,5867060
2002-07-23,112.9,112.92,112.6,112.74,6431360
2002-07-24,112.75,112.95,112.74,112.8,2454470
2002-07-25,112.87,112.87,112.6,112.6,3345630
2002-07-26,112.6,112.65,111.93,112.23,11087620
2002-07-29,112.22,112.98,112.01,112.27,3398840
2002-07-31,113.23,113.49,112.85,113.2,29760570
2002-08-01,113.14,113.27,113.05,113.12,2883560
2002-08-02,113.0,113.16,112.91,113.14,2437250
2002-08-05,113.14,113.36,113.14,113.25,3252500
2002-08-06,113.29,113.45,113.25,113.42,3036870
2002-08-07,113.45,113.51,113.26,113.28,2475360
2002-08-08,113.26,113.33,112.96,113.17,6932100
2002-08-09,113.15,113.2,113.01,113.15,2234950
2002-08-12,113.15,113.15,113.05,113.08,549400
2002-08-13,113.09,113.27,113.08,113.2,3068040
2002-08-14,113.27,113.38,113.2,113.31,4228320
2002-08-15,113.31,113.45,113.25,113.34,8236610
2002-08-16,113.36,113.53,113.35,113.4,3531550
2002-08-19,113.43,113.47,113.42,113.45,1582800
2002-08-20,113.45,113.48,113.32,113.39,3205520
2002-08-21,113.35,113.41,113.34,113.38,1606660
2002-08-22,113.38,113.5,113.37,113.44,3162350
2002-08-23,113.44,113.47,113.35,113.39,3937100
2002-08-26,113.3,113.38,113.2,113.22,4015720
2002-08-27,113.2,113.29,113.2,113.26,1347430
2002-08-28,113.26,113.31,113.13,113.27,3278240
2002-08-29,113.27,113.31,113.2,113.24,2072670
2002-08-30,113.27,113.38,113.25,113.36,1174140
2002-09-02,113.36,113.44,113.28,113.38,612280
2002-09-03,113.38,113.76,113.37,113.74,13028920
2002-09-04,113.73,114.1,113.72,113.88,10015140
2002-09-05,113.75,113.93,113.7,113.91,7656810
2002-09-06,113.94,114.05,113.89,113.98,6617540
2002-09-09,114.0,114.03,113.94,113.95,2642180
2002-09-10,113.88,113.94,113.68,113.76,5456660
2002-09-11,112.91,113.7,112.91,113.67,3378410
2002-09-12,113.65,113.71,113.4,113.48,3228800
2002-09-13,113.49,113.65,113.45,113.62,2564730
2002-09-16,113.58,113.69,113.5,113.69,3747020
2002-09-17,113.65,113.7,113.4,113.63,3969120
2002-09-18,113.61,113.62,113.49,113.53,3237580
2002-09-19,113.5,113.84,113.5,113.6,7005200
2002-09-20,113.65,113.78,113.55,113.58,2646810
2002-09-23,113.51,113.69,113.51,113.55,4789330
2002-09-24,113.56,113.67,113.53,113.59,5402330
2002-09-25,113.61,113.73,113.6,113.62,7475000
2002-09-26,113.66,113.73,113.32,113.47,8114600
2002-09-27,113.53,113.85,113.53,113.77,6105210
2002-10-08,113.75,113.75,113.5,113.68,2114370
2002-10-09,113.61,113.71,113.55,113.69,2136580
2002-10-10,113.71,113.84,113.67,113.79,3711660
2002-10-11,113.79,113.9,113.76,113.84,5903030
2002-10-14,113.87,114.01,113.84,113.86,4047930
2002-10-15,113.86,113.89,113.67,113.74,2649030
2002-10-16,113.74,113.74,113.56,113.58,4537770
2002-10-17,113.45,113.64,113.38,113.4,5266170
2002-10-18,113.4,113.44,113.0,113.15,7280930
2002-10-21,113.1,113.38,113.09,113.36,1147700
2002-10-22,113.21,113.34,113.07,113.1,2553000
2002-10-23,113.12,113.16,112.3,112.76,10449740
2002-10-24,112.7,113.1,112.45,112.72,3422550
2002-10-25,112.39,112.74,112.39,112.71,3716440
2002-10-28,112.7,112.71,112.57,112.68,2002600
2002-10-29,112.54,112.67,112.3,112.57,5059690
2002-10-30,112.56,112.65,110.53,110.66,11515960
2002-10-31,110.66,110.7,109.51,109.53,8204530
2002-11-01,109.7,109.92,109.5,109.88,811180
2002-11-04,109.88,110.19,109.87,110.04,1362970
2002-11-05,110.09,110.58,109.91,110.55,2326840
2002-11-06,110.6,110.61,110.28,110.38,3042260
2002-11-07,110.45,110.53,110.38,110.53,1037130
2002-11-08,110.48,110.58,110.4,110.49,973810
2002-11-11,110.48,110.88,110.42,110.82,1451840
2002-11-12,110.87,110.98,110.71,110.93,878140
2002-11-13,110.92,111.29,110.88,111.17,1747790
2002-11-14,111.04,111.44,110.99,111.38,6256860
2002-11-15,111.36,111.91,111.36,111.9,6233450
2002-11-18,111.9,111.98,111.01,111.65,7999880
2002-11-19,111.63,111.65,111.32,111.37,1824830
2002-11-20,111.4,111.53,111.35,111.43,1395780
2002-11-21,111.4,111.49,111.31,111.45,1642610
2002-11-22,111.5,111.88,111.41,111.81,3011280
2002-11-25,111.84,111.87,111.65,111.77,1113050
2002-11-26,111.77,111.82,111.64,111.67,2882790
2002-11-27,111.63,111.69,111.15,111.35,8330390
2002-11-28,111.3,111.72,111.11,111.67,3420010
2002-11-29,111.59,111.72,111.35,111.68,4944290
2002-12-02,111.65,111.76,111.53,111.69,2698670
2002-12-03,111.69,112.25,111.62,112.03,7141820
2002-12-04,112.05,112.39,112.05,112.38,4428140
2002-12-05,112.38,112.54,112.36,112.51,1988510
2002-12-06,112.5,112.54,112.4,112.52,1517750
2002-12-09,112.52,112.54,112.4,112.47,1235330
2002-12-10,112.48,112.49,112.25,112.25,3134300
2002-12-11,112.24,112.38,112.1,112.28,2494180
2002-12-12,112.3,112.39,112.2,112.28,451420
2002-12-13,112.19,112.25,112.12,112.19,1417690
2002-12-16,112.15,112.25,112.12,112.25,906990
2002-12-17,112.23,112.33,112.15,112.25,898270
2002-12-18,112.25,112.28,112.14,112.19,621370
2002-12-19,112.18,112.18,112.03,112.09,1046980
2002-12-20,112.15,112.31,112.09,112.3,1941160
2002-12-23,112.3,112.32,112.2,112.29,736050
2002-12-24,112.28,112.38,112.28,112.35,1791490
2002-12-25,112.35,112.42,112.35,112.36,2087260
2002-12-26,112.36,112.49,112.36,112.46,1671640
2002-12-27,112.46,112.53,112.31,112.51,2263590
2002-12-30,112.5,112.6,112.42,112.58,1150600
2002-12-31,112.58,112.66,112.56,112.6,1239190
2003-01-02,112.59,112.59,112.38,112.45,1331340
2003-01-03,112.4,112.52,112.33,112.48,2025330
2003-01-06,109.61,112.48,109.61,112.48,899940
2003-01-07,112.46,112.48,112.42,112.48,970690
2003-01-08,112.48,112.5,112.45,112.47,442260
2003-01-09,112.43,112.58,112.38,112.51,939940
2003-01-10,112.51,112.98,112.47,112.81,3854590
2003-01-13,112.8,113.25,112.77,113.22,3382410
2003-01-14,113.2,113.2,112.9,113.2,3673320
2003-01-15,113.02,113.18,112.95,113.14,2541440
2003-01-16,103.01,113.49,103.01,113.39,2853030
2003-01-17,113.3,113.44,113.2,113.23,2143100
2003-01-20,113.2,113.39,113.15,113.33,478340
2003-01-21,113.33,113.8,113.3,113.54,2249920
2003-01-22,113.55,113.67,113.43,113.45,2245910
2003-01-23,113.45,113.69,113.45,113.48,6333310
2003-01-24,113.53,113.53,113.31,113.36,3318340
2003-01-27,113.38,113.45,113.27,113.3,2174380
2003-02-10,113.28,113.44,113.16,113.37,2730060
2003-02-11,113.37,113.61,113.3,113.52,3443920
2003-02-12,113.55,113.77,113.49,113.66,3143140
2003-02-13,113.66,113.94,113.65,113.79,4648000
2003-02-14,113.8,113.89,113.7,113.71,2686120
2003-02-17,113.69,113.82,113.65,113.69,1386220
2003-02-18,113.75,113.75,113.65,113.71,530440
2003-02-19,113.68,113.7,113.51,113.53,1682290
2003-02-20,113.53,113.58,113.46,113.51,1528620
2003-02-21,113.51,113.68,113.5,113.61,1724010
2003-02-24,113.61,113.8,113.58,113.73,3328120
2003-02-25,113.71,113.77,113.5,113.54,844950
2003-02-26,113.57,113.67,113.56,113.61,1020500
2003-02-27,113.62,113.7,113.6,113.68,751490
2003-02-28,113.68,113.8,113.68,113.78,764820
2003-03-03,113.79,113.81,113.7,113.73,1460350
2003-03-04,113.73,113.87,113.7,113.82,2625580
2003-03-05,113.84,114.18,113.82,113.95,4209060
2003-03-06,113.97,114.15,113.94,114.0,1610140
2003-03-07,114.0,114.15,114.0,114.13,1463500
2003-03-10,114.12,114.37,114.12,114.28,4064590
2003-03-11,114.31,114.37,114.0,114.06,3601630
2003-03-12,114.04,114.2,114.02,114.16,978980
2003-03-13,114.14,114.2,114.0,114.05,2257090
2003-03-14,114.06,114.06,113.98,113.99,1643900
2003-03-17,113.96,114.01,113.92,113.98,464400
2003-03-18,113.95,114.0,113.94,113.96,1711420
2003-03-19,113.96,114.15,113.95,114.07,1821830
2003-03-20,114.07,114.15,114.07,114.12,242470
2003-03-21,114.12,114.17,114.1,114.12,1281370
2003-03-24,114.1,114.12,114.01,114.08,1210640
2003-03-25,114.06,114.07,114.0,114.0,827500
2003-03-26,114.0,114.37,114.0,114.33,3330400
2003-03-27,114.33,114.58,114.33,114.48,4280150
2003-03-28,114.48,114.76,114.48,114.61,3602100
2003-03-31,114.61,114.63,114.01,114.19,3442110
2003-04-01,114.18,114.29,113.95,114.11,3829620
2003-04-02,114.11,114.11,113.59,113.71,5389940
2003-04-03,113.71,113.74,113.4,113.6,4197700
2003-04-04,113.59,113.8,113.57,113.77,3528040
2003-04-07,113.75,113.75,113.42,113.49,4671800
2003-04-08,113.35,113.54,113.3,113.41,3819350
2003-04-09,113.41,113.53,113.39,113.46,696560
2003-04-10,113.48,113.52,113.42,113.44,1735300
2003-04-11,113.44,113.68,113.44,113.64,2192270
2003-04-14,113.58,113.65,113.53,113.61,1163480
2003-04-15,113.59,113.67,113.55,113.66,767350
2003-04-16,113.7,113.88,113.7,113.81,2907940
2003-04-17,113.81,113.86,113.41,113.73,1987340
2003-04-18,113.72,113.79,113.6,113.65,1590230
2003-04-21,113.65,113.66,113.55,113.62,395590
2003-04-22,113.62,113.78,113.6,113.7,668310
2003-04-23,113.7,113.8,113.7,113.75,908350
2003-04-24,113.75,113.83,113.74,113.8,855230
2003-04-25,113.78,113.9,113.75,113.86,1059970
2003-04-28,113.86,113.86,113.68,113.78,602220
2003-04-29,113.76,113.92,113.71,113.89,1830830
2003-04-30,113.93,114.09,113.93,113.99,3582150
2003-05-12,113.95,114.0,113.82,113.99,480700
2003-05-13,113.98,114.04,113.93,113.99,1404060
2003-05-14,114.01,114.21,113.99,114.19,2433730
2003-05-15,114.19,114.28,114.16,114.27,2439570
2003-05-16,114.24,114.39,114.23,114.38,1776170
2003-05-19,114.32,114.53,114.32,114.41,2227400
2003-05-20,114.4,114.46,114.38,114.41,996500
2003-05-21,114.01,114.43,114.01,114.35,847790
2003-05-22,114.35,114.42,114.25,114.29,476160
2003-05-23,114.3,114.34,114.27,114.29,403940
2003-05-26,114.28,114.32,114.26,114.29,234090
2003-05-27,114.3,114.41,114.3,114.38,617110
2003-05-28,114.4,114.43,114.37,114.42,1035120
2003-05-29,114.4,114.43,114.37,114.38,1159220
2003-05-30,114.38,114.39,114.35,114.38,710970
2003-06-02,114.37,114.37,114.33,114.35,566360
2003-06-03,114.35,114.35,114.29,114.29,490340
2003-06-04,114.27,114.33,113.93,114.12,1670650
2003-06-05,114.1,114.1,113.92,114.0,422030
2003-06-06,114.0,114.08,113.99,114.02,883060
2003-06-09,114.02,114.03,113.71,113.79,235700
2003-06-10,113.79,114.0,113.79,114.0,540970
2003-06-11,114.02,114.06,113.98,114.01,563990
2003-06-12,114.02,114.03,114.0,114.03,175680
2003-06-13,114.04,114.04,113.97,114.0,820170
2003-06-16,113.98,113.98,113.72,113.73,1141080
2003-06-17,113.7,113.78,113.52,113.63,1212110
2003-06-18,113.62,113.63,113.42,113.58,1871500
2003-06-19,113.58,113.58,113.51,113.55,387740
2003-06-20,113.54,113.6,113.5,113.59,203540
2003-06-23,113.58,113.58,113.45,113.49,1708340
2003-06-24,113.49,113.49,113.33,113.45,678290
2003-06-25,113.4,113.46,113.35,113.35,500560
2003-06-26,113.33,113.33,113.13,113.22,1057260
2003-06-27,113.21,113.3,113.15,113.29,915770
2003-06-30,113.28,113.4,113.23,113.36,772330
2003-07-01,113.36,113.58,113.33,113.56,856990
2003-07-02,113.6,113.6,113.45,113.51,887800
2003-07-03,113.52,113.6,113.48,113.59,873120
2003-07-04,113.56,113.75,113.54,113.74,459520
2003-07-07,113.7,113.7,113.61,113.64,528180
2003-07-08,113.68,113.69,113.63,113.67,477330
2003-07-09,113.67,113.67,113.55,113.58,761910
2003-07-10,113.51,113.6,113.5,113.57,995040
2003-07-11,113.57,113.6,113.55,113.6,1343520
2003-07-14,113.59,113.65,113.54,113.59,442800
2003-07-15,113.55,113.75,113.55,113.66,1608900
2003-07-16,113.64,113.8,113.64,113.76,2253920
2003-07-17,113.76,113.95,113.73,113.86,2011260
2003-07-18,113.85,113.9,113.6,113.68,3945130
2003-07-21,113.65,113.68,113.59,113.62,344060
2003-07-22,113.64,113.73,113.6,113.67,663550
2003-07-23,113.64,113.72,113.64,113.69,297180
2003-07-24,105.8,113.7,105.8,113.68,831540
2003-07-25,113.66,113.69,113.64,113.68,580180
2003-07-28,113.68,113.71,113.64,113.64,994770
2003-07-29,113.68,113.68,113.58,113.58,639570
2003-07-31,113.51,113.53,113.38,113.46,1717780
2003-08-01,113.46,113.5,113.4,113.5,502680
2003-08-04,113.5,113.54,113.45,113.49,914930
2003-08-05,113.48,113.49,113.41,113.46,1913950
2003-08-06,113.46,113.49,113.28,113.3,747270
2003-08-07,113.31,113.35,113.03,113.09,2941790
2003-08-08,113.1,113.15,113.04,113.11,405690
2003-08-11,113.11,113.11,112.72,112.75,2300920
2003-08-12,112.69,112.73,112.5,112.72,1079110
2003-08-13,112.72,112.75,112.51,112.58,714360
2003-08-14,112.58,112.68,112.51,112.55,132520
2003-08-15,112.55,112.62,112.53,112.61,233840
2003-08-18,112.55,112.72,112.55,112.63,238110
2003-08-19,112.68,112.68,112.56,112.67,1793290
2003-08-20,112.67,112.7,112.62,112.7,1821270
2003-08-21,112.71,112.71,112.3,112.55,5804820
2003-08-22,112.49,112.56,112.4,112.5,2439210
2003-08-25,112.0,112.47,111.92,112.24,607830
2003-08-26,112.25,112.28,112.08,112.1,350100
2003-08-27,112.1,112.4,112.03,112.2,338310
2003-08-28,112.2,112.45,112.2,112.42,139540
2003-08-29,112.46,112.53,112.4,112.51,490430
2003-09-01,112.52,112.52,112.41,112.47,415460
2003-09-02,112.48,112.48,112.41,112.43,282400
2003-09-03,112.4,112.48,112.4,112.44,129240
2003-09-04,112.46,112.5,112.3,112.35,267700
2003-09-05,112.36,112.36,112.1,112.3,367520
2003-09-08,112.3,112.3,111.98,112.04,465080
2003-09-09,112.0,112.07,111.95,112.01,479280
2003-09-10,112.0,112.0,111.58,111.63,154330
2003-09-11,111.63,111.65,111.22,111.3,631700
2003-09-12,111.3,111.34,110.84,110.95,480660
2003-09-15,110.8,110.88,110.01,110.09,369140
2003-09-16,109.9,109.9,109.32,109.82,475530
2003-09-17,109.84,109.9,109.66,109.88,202490
2003-09-18,109.88,110.32,109.88,110.32,312050
2003-09-19,110.32,110.43,110.22,110.41,447790
2003-09-22,110.4,110.4,109.33,109.44,600380
2003-09-23,109.4,109.44,107.51,108.15,661050
2003-09-24,108.13,108.13,107.15,107.2,2499080
2003-09-25,107.15,107.58,106.8,107.52,419840
2003-09-26,107.6,107.79,107.31,107.5,279330
2003-09-29,107.3,107.58,107.23,107.45,316480
2003-09-30,107.44,108.1,107.4,107.98,326720
2003-10-08,107.96,107.99,107.58,107.92,215150
2003-10-09,107.87,107.92,107.73,107.9,215960
2003-10-10,107.86,107.87,107.29,107.31,388150
2003-10-13,107.34,107.54,107.1,107.11,337750
2003-10-14,107.04,107.48,107.04,107.35,99290
2003-10-15,107.35,107.41,106.66,106.66,275560
2003-10-16,106.66,106.66,105.5,106.03,1352120
2003-10-17,105.9,106.08,104.5,104.6,316710
2003-10-20,104.43,104.43,101.46,101.55,1233310
2003-10-21,101.3,102.65,101.0,102.4,566640
2003-10-22,102.4,102.58,101.91,102.33,416430
2003-10-23,102.2,102.66,102.0,102.54,550660
2003-10-24,102.4,103.15,102.27,103.0,466340
2003-10-27,103.0,103.3,102.53,102.62,356790
2003-10-28,102.4,102.51,101.58,102.27,225340
2003-10-29,102.2,102.57,102.2,102.39,216590
2003-10-30,102.48,102.5,102.0,102.4,254690
2003-10-31,102.4,102.75,102.4,102.75,484650
2003-11-03,102.75,102.9,102.75,102.81,85230
2003-11-04,102.89,102.93,102.79,102.93,645270
2003-11-05,102.95,103.12,102.92,103.09,443040
2003-11-06,103.12,103.32,103.09,103.17,463280
2003-11-07,103.2,103.32,103.11,103.3,256710
2003-11-10,103.3,103.3,102.0,102.29,554730
2003-11-11,102.29,102.61,102.0,102.59,290390
2003-11-12,102.6,102.64,102.4,102.6,184240
2003-11-13,102.51,102.6,102.0,102.26,358280
2003-11-14,102.25,102.3,101.76,101.77,324010
2003-11-17,101.8,101.85,101.67,101.8,282840
2003-11-18,101.8,101.95,101.7,101.91,149930
2003-11-19,101.9,101.95,101.81,101.87,146120
2003-11-20,101.8,101.87,101.75,101.82,330190
2003-11-21,101.78,101.81,101.57,101.59,267330
2003-11-24,101.57,101.58,100.0,100.28,963260
2003-11-25,100.18,100.68,100.02,100.59,590180
2003-11-26,100.58,100.66,100.35,100.4,818180
2003-11-27,100.41,100.67,100.4,100.55,935690
2003-11-28,100.56,100.7,100.45,100.58,198270
2003-12-01,100.55,101.8,100.45,101.55,948850
2003-12-02,101.54,102.06,101.27,101.93,784060
2003-12-03,101.88,102.49,101.8,102.16,894620
2003-12-04,102.15,102.57,102.01,102.5,705410
2003-12-05,102.39,102.77,102.2,102.74,409160
2003-12-08,102.58,102.9,102.53,102.9,272030
2003-12-09,102.91,103.14,102.8,103.11,218620
2003-12-10,102.95,103.5,102.95,103.49,299990
2003-12-11,103.49,104.5,103.49,103.8,493800
2003-12-12,103.8,104.12,103.6,103.8,296340
2003-12-15,103.7,103.87,103.22,103.34,868420
2003-12-16,103.29,103.88,103.06,103.84,2441880
2003-12-17,103.84,104.4,103.84,104.25,760590
2003-12-18,104.1,104.44,104.0,104.29,322520
2003-12-19,104.15,104.32,104.15,104.23,242520
2003-12-22,104.23,104.3,103.89,104.22,398740
2003-12-23,103.99,104.35,103.85,104.32,867650
2003-12-24,104.3,104.56,104.0,104.48,409210
2003-12-25,104.43,104.5,104.05,104.1,887510
2003-12-26,104.01,104.5,103.79,104.3,1159040
2003-12-29,104.11,104.24,104.01,104.16,436270
2003-12-30,104.1,104.3,103.93,104.29,504580
2003-12-31,104.28,104.61,104.16,104.44,344420
2004-01-02,104.44,104.64,104.2,104.5,306870
2004-01-05,104.32,104.48,104.2,104.2,104540
2004-01-06,104.1,104.1,103.8,103.82,107950
2004-01-07,103.76,103.76,102.5,102.77,327410
2004-01-08,102.5,103.16,102.5,102.92,235620
2004-01-09,102.9,102.99,102.68,102.72,69410
2004-01-12,102.72,102.72,102.35,102.5,123660
2004-01-13,102.5,102.5,102.35,102.45,227420
2004-01-14,102.43,103.3,102.43,103.26,226550
2004-01-15,103.3,103.78,103.3,103.5,144370
2004-01-16,103.48,103.79,103.48,103.72,219650
2004-01-29,103.6,103.6,102.9,102.98,80690
2004-02-02,102.9,103.08,102.42,102.98,228060
2004-02-03,102.96,103.07,102.92,103.0,259100
2004-02-04,103.0,103.05,102.75,102.79,267500
2004-02-05,102.78,102.95,102.68,102.78,227380
2004-02-06,102.78,103.07,102.76,103.03,108570
2004-02-09,103.02,103.25,102.9,103.14,184950
2004-02-10,103.1,103.28,103.1,103.27,284790
2004-02-11,103.3,103.59,103.28,103.59,263970
2004-02-12,103.6,103.9,103.6,103.78,232050
2004-02-13,103.78,103.78,103.6,103.68,154340
2004-02-16,103.65,103.65,103.45,103.6,177100
2004-02-17,103.59,103.59,103.45,103.46,136460
2004-02-18,103.43,103.43,103.11,103.19,234380
2004-02-19,103.19,103.35,102.9,103.2,93460
2004-02-20,103.22,103.36,103.1,103.11,157310
2004-02-23,103.01,103.28,103.0,103.06,276830
2004-02-24,103.02,103.58,103.02,103.04,320220
2004-02-25,103.0,103.02,102.61,102.68,656790
2004-02-26,102.68,102.68,102.38,102.46,146380
2004-02-27,102.4,102.65,102.38,102.61,73360
2004-03-01,102.6,102.6,102.08,102.15,142220
2004-03-02,102.15,102.15,101.78,101.97,53160
2004-03-03,101.97,102.3,101.9,102.17,62980
2004-03-04,102.3,102.35,101.98,101.98,110710
2004-03-05,101.98,102.22,101.96,102.06,81430
2004-03-08,101.99,102.1,101.98,102.06,67550
2004-03-09,102.02,102.4,102.01,102.05,172780
2004-03-10,102.1,102.1,102.01,102.04,303860
2004-03-11,102.04,102.12,102.02,102.1,151760
2004-03-12,102.12,102.64,102.1,102.39,147270
2004-03-15,102.35,102.61,102.3,102.59,70990
2004-03-16,102.55,102.8,102.55,102.71,170490
2004-03-17,102.71,102.75,102.38,102.58,28430
2004-03-18,102.5,102.6,102.45,102.51,55810
2004-03-19,102.55,102.6,102.51,102.51,216870
2004-03-22,102.51,102.51,102.12,102.29,144980
2004-03-23,102.18,102.34,102.1,102.15,305000
2004-03-24,102.15,102.25,102.02,102.03,579120
2004-03-25,102.03,102.48,102.0,102.03,589090
2004-03-26,102.04,102.32,102.03,102.24,736600
2004-03-29,102.1,102.24,101.9,101.91,381730
2004-03-30,101.9,101.96,101.85,101.94,101390
2004-03-31,101.92,102.05,101.9,102.04,95400
2004-04-01,102.05,102.27,101.96,101.98,84460
2004-04-02,101.9,101.98,101.79,101.8,76120
2004-04-05,101.79,101.79,101.39,101.39,92820
2004-04-06,101.35,101.35,100.77,100.82,112340
2004-04-07,100.8,100.98,100.52,100.9,76230
2004-04-08,100.9,100.9,100.6,100.8,94720
2004-04-09,100.8,100.93,100.78,100.92,203500
2004-04-12,100.9,100.9,100.5,100.5,126440
2004-04-13,100.5,100.5,100.11,100.29,125430
2004-04-14,100.45,100.45,99.98,100.01,161480
2004-04-15,99.99,99.99,98.1,98.63,143070
2004-04-16,98.59,98.59,97.76,97.86,243840
2004-04-19,97.86,97.86,94.61,94.67,234440
2004-04-20,94.37,94.59,92.8,92.83,206500
2004-04-21,92.7,92.79,90.72,91.93,400870
2004-04-22,91.8,92.78,91.12,91.25,420970
2004-04-23,91.25,91.47,90.95,91.14,498030
2004-04-26,91.09,91.21,90.5,90.52,270610
2004-04-27,90.3,90.59,90.11,90.43,290530
2004-04-28,90.64,90.64,90.15,90.29,346290
2004-04-29,90.2,90.22,86.0,86.15,695950
2004-04-30,86.18,89.3,85.11,89.05,1372780
2004-05-10,88.95,88.95,87.24,87.67,522150
2004-05-11,87.67,87.84,87.25,87.69,239310
2004-05-12,87.55,88.69,87.4,88.65,432710
2004-05-13,88.65,89.97,88.65,89.68,770260
2004-05-14,89.6,89.84,89.04,89.4,583150
2004-05-17,89.11,90.19,89.11,90.03,980720
2004-05-18,90.05,91.35,90.05,90.95,893480
2004-05-19,91.0,91.4,90.5,90.57,237310
2004-05-20,90.56,90.75,90.3,90.55,64580
2004-05-21,90.55,90.6,89.56,89.63,228500
2004-05-24,89.0,89.95,88.8,89.92,144170
2004-05-25,89.88,90.86,89.55,90.68,232100
2004-05-26,90.69,92.01,90.65,92.0,707630
2004-05-27,91.99,92.48,91.85,91.86,155580
2004-05-28,91.86,92.2,91.63,91.85,534660
2004-05-31,91.88,91.99,91.8,91.95,158840
2004-06-01,91.98,92.55,91.95,92.5,248770
2004-06-02,92.49,92.9,92.38,92.87,201310
2004-06-03,92.87,93.57,92.87,93.53,202430
2004-06-04,93.5,93.87,92.81,93.0,172680
2004-06-07,93.19,93.19,92.51,92.61,128360
2004-06-08,92.59,92.59,92.21,92.22,67870
2004-06-09,92.2,92.2,91.5,91.85,114380
2004-06-10,91.8,91.94,91.57,91.93,118690
2004-06-11,91.99,92.81,91.99,92.03,169650
2004-06-14,92.16,92.2,91.9,92.03,236430
2004-06-15,92.5,92.5,92.0,92.41,103450
2004-06-16,92.42,93.32,92.42,93.31,162780
2004-06-17,93.32,93.75,92.71,92.9,349540
2004-06-18,92.9,93.08,92.7,92.79,79010
2004-06-21,92.85,93.29,92.72,93.24,183160
2004-06-22,93.32,93.48,93.1,93.2,106610
2004-06-23,93.2,93.47,93.13,93.44,90330
2004-06-24,93.44,93.73,93.4,93.6,208690
2004-06-25,93.58,93.64,93.41,93.54,55030
2004-06-28,93.46,93.46,93.18,93.27,165800
2004-06-29,93.22,93.38,93.22,93.29,199540
2004-06-30,93.3,93.32,93.22,93.28,90630
2004-07-01,93.28,93.29,92.68,92.76,172430
2004-07-02,92.7,93.15,92.45,93.06,109680
2004-07-05,92.97,93.2,92.92,93.12,117680
2004-07-06,93.13,93.28,93.08,93.18,34500
2004-07-07,93.17,93.24,93.15,93.2,343890
2004-07-08,93.2,93.5,93.2,93.4,41360
2004-07-09,93.48,93.55,93.15,93.2,68860
2004-07-12,93.2,93.35,93.16,93.26,184920
2004-07-13,93.22,93.3,93.2,93.23,188410
2004-07-14,93.25,93.28,93.18,93.19,265380
2004-07-15,93.16,93.2,93.1,93.16,141150
2004-07-16,93.16,93.25,93.1,93.24,280320
2004-07-19,93.24,93.5,93.24,93.33,151590
2004-07-20,93.35,93.57,93.33,93.53,78130
2004-07-21,93.57,93.74,93.51,93.61,118040
2004-07-22,93.61,93.68,93.41,93.46,93240
2004-07-23,93.4,93.5,93.4,93.44,92730
2004-07-26,93.45,93.48,93.4,93.43,150970
2004-07-27,93.42,93.54,93.4,93.54,99440
2004-07-28,93.52,93.73,93.5,93.73,435430
2004-07-29,93.7,93.8,93.68,93.73,138940
2004-08-02,93.7,93.7,93.42,93.55,161960
2004-08-03,93.55,93.88,93.5,93.87,98070
2004-08-04,93.93,93.95,93.8,93.84,104340
2004-08-05,93.83,93.9,93.8,93.85,212520
2004-08-06,93.65,93.85,93.65,93.85,386720
2004-08-09,93.83,93.88,93.82,93.86,93470
2004-08-10,93.87,93.87,93.79,93.86,60970
2004-08-11,93.89,93.9,93.83,93.83,82400
2004-08-12,93.8,93.8,93.4,93.46,146550
2004-08-13,93.45,93.67,93.4,93.65,114730
2004-08-16,93.5,93.68,93.5,93.65,91710
2004-08-17,93.65,93.66,93.62,93.66,317410
2004-08-18,93.64,93.7,93.61,93.69,51160
2004-08-19,93.67,93.75,93.65,93.7,38000
2004-08-20,93.67,93.78,93.45,93.6,101460
2004-08-23,93.6,93.6,93.36,93.39,57020
2004-08-24,93.38,93.38,92.22,92.42,265400
2004-08-25,92.3,92.65,92.2,92.65,77020
2004-08-26,92.66,92.66,92.54,92.59,49600
2004-08-27,92.62,92.68,92.41,92.57,17250
2004-08-30,92.35,92.4,91.5,92.15,72950
2004-08-31,92.05,92.28,92.05,92.18,45060
2004-09-01,92.15,92.2,92.11,92.18,26040
2004-09-02,92.18,92.26,91.9,91.91,285000
2004-09-03,91.91,91.97,91.81,91.82,120450
2004-09-06,91.8,91.82,91.65,91.77,47410
2004-09-07,91.7,91.79,91.69,91.77,77120
2004-09-08,91.7,91.78,91.7,91.72,12950
2004-09-09,91.68,91.7,91.55,91.58,39830
2004-09-10,91.5,91.52,91.25,91.34,49480
2004-09-13,91.33,91.33,91.09,91.09,62090
2004-09-14,91.06,91.06,90.65,90.66,379940
2004-09-15,90.58,90.78,90.51,90.76,142590
2004-09-16,91.5,91.5,90.78,91.09,30380
2004-09-17,91.14,91.2,90.95,91.09,241540
2004-09-20,91.09,91.09,90.9,90.99,95900
2004-09-21,90.96,91.15,90.86,91.15,326340
2004-09-22,91.14,92.0,91.04,91.78,106590
2004-09-23,91.78,92.28,91.75,92.12,71200
2004-09-24,92.0,92.28,91.9,92.16,48600
2004-09-27,92.15,92.15,92.0,92.09,75730
2004-09-28,92.1,92.57,92.1,92.5,85000
2004-09-29,92.5,92.76,92.4,92.51,61790
2004-09-30,92.52,92.73,92.44,92.46,82230
2004-10-08,92.48,92.48,92.2,92.3,42190
2004-10-11,92.3,92.85,92.21,92.84,145200
2004-10-12,92.85,93.38,92.85,93.2,93690
2004-10-13,93.2,93.7,93.2,93.7,177200
2004-10-14,93.58,93.87,93.18,93.23,161660
2004-10-15,93.01,93.6,93.01,93.4,156080
2004-10-18,93.33,93.8,93.33,93.75,105460
2004-10-19,93.7,93.83,93.55,93.75,116060
2004-10-20,93.6,93.85,93.6,93.84,139020
2004-10-21,93.8,93.89,93.65,93.68,576200
2004-10-22,93.61,93.68,93.45,93.62,137810
2004-10-25,93.5,93.62,93.33,93.6,149650
2004-10-26,93.65,93.67,93.5,93.65,58600
2004-10-27,93.65,93.85,93.6,93.81,86470
2004-10-28,93.75,94.0,93.75,93.94,137730
2004-10-29,92.9,93.2,90.6,92.81,324690
2004-11-01,92.21,92.51,92.21,92.32,125070
2004-11-02,92.1,92.17,91.52,91.54,139710
2004-11-03,91.3,91.94,91.18,91.79,35770
2004-11-04,91.79,92.11,91.77,92.09,50350
2004-11-05,92.12,92.3,92.01,92.07,24820
2004-11-08,91.74,92.3,91.72,91.82,24270
2004-11-09,91.65,91.95,91.65,91.8,69070
2004-11-10,91.8,91.85,91.62,91.8,298750
2004-11-11,91.77,91.77,91.6,91.75,56030
2004-11-12,91.7,91.85,91.68,91.84,42520
2004-11-15,91.71,91.86,91.71,91.84,96180
2004-11-16,91.77,91.85,91.73,91.78,103230
2004-11-17,91.78,91.78,91.7,91.71,30500
2004-11-18,91.7,91.7,91.42,91.56,34720
2004-11-19,91.56,91.58,91.3,91.34,30690
2004-11-22,91.28,91.28,90.8,90.86,109650
2004-11-23,90.98,90.98,90.8,90.81,424150
2004-11-24,90.81,91.11,90.81,91.08,58440
2004-11-25,91.16,91.19,91.1,91.11,151530
2004-11-26,91.11,91.15,91.05,91.14,132980
2004-11-29,91.1,91.25,91.1,91.22,604340
2004-11-30,91.22,91.42,91.22,91.26,145160
2004-12-01,91.26,91.35,91.1,91.19,51850
2004-12-02,91.2,91.34,91.13,91.33,45810
2004-12-03,91.33,91.87,91.33,91.58,68520
2004-12-06,91.6,91.7,91.26,91.33,345240
2004-12-07,91.35,91.35,91.16,91.21,359500
2004-12-08,91.22,91.6,91.15,91.5,89160
2004-12-09,91.54,91.71,91.51,91.67,419740
2004-12-10,91.67,91.76,91.64,91.75,147270
2004-12-13,91.75,91.84,91.65,91.77,223120
2004-12-14,91.75,91.77,91.68,91.7,145110
2004-12-15,91.65,91.67,91.58,91.63,182060
2004-12-16,91.62,91.75,91.62,91.66,119290
2004-12-17,91.66,91.77,91.63,91.7,140290
2004-12-20,91.68,91.76,91.53,91.54,57040
2004-12-21,91.54,91.55,90.7,90.85,1423800
2004-12-22,90.85,91.25,90.85,91.15,68470
2004-12-23,91.16,91.24,90.88,91.06,67230
2004-12-24,91.08,91.08,91.02,91.05,95210
2004-12-27,91.04,91.04,90.83,90.87,88240
2004-12-28,90.86,90.95,90.69,90.8,685280
2004-12-29,91.0,91.02,90.75,90.98,34880
2004-12-30,90.98,91.13,90.98,91.1,22350
2004-12-31,91.1,91.22,91.1,91.16,21540
2005-01-04,91.16,91.16,90.88,91.1,15490
2005-01-05,91.08,91.21,91.0,91.2,30000
2005-01-06,91.28,91.44,91.26,91.43,34420
2005-01-07,91.46,91.68,91.43,91.67,100280
2005-01-10,91.66,92.05,91.59,91.91,74410
2005-01-11,91.99,91.99,91.88,91.95,104800
2005-01-12,91.95,91.98,91.05,91.56,755070
2005-01-13,91.56,91.73,91.56,91.7,29410
2005-01-14,91.6,91.97,91.6,91.96,96260
2005-01-17,91.96,92.1,91.88,92.03,238640
2005-01-18,92.03,92.23,92.0,92.17,131880
2005-01-19,92.16,92.21,92.06,92.08,191880
2005-01-20,92.06,92.12,91.86,91.92,274400
2005-01-21,91.82,92.08,91.8,92.06,84650
2005-01-24,92.0,92.22,91.99,92.18,67080
2005-01-25,92.15,92.49,92.15,92.36,109470
2005-01-26,92.4,92.84,92.4,92.79,96920
2005-01-27,92.83,93.17,92.61,92.62,80630
2005-01-28,92.49,92.79,92.42,92.76,28630
2005-01-31,92.5,92.9,92.5,92.83,320170
2005-02-01,92.85,93.05,92.75,93.0,348730
2005-02-02,93.0,93.13,92.98,93.04,259920
2005-02-03,93.02,94.5,92.8,93.22,208790
2005-02-04,93.19,93.55,93.19,93.45,139810
2005-02-16,93.28,93.38,93.23,93.32,63380
2005-02-17,93.26,93.65,93.26,93.63,73180
2005-02-18,93.65,93.82,93.55,93.81,127780
2005-02-21,93.85,93.93,93.4,93.55,308980
2005-02-22,93.52,93.58,93.4,93.5,315720
2005-02-23,93.5,93.53,93.06,93.17,440000
2005-02-24,92.9,93.13,92.87,92.95,414030
2005-02-25,92.96,93.88,92.7,93.81,467700
2005-02-28,93.81,94.24,93.78,94.19,524030
2005-03-01,94.16,94.25,93.95,93.97,197040
2005-03-02,93.93,94.0,93.78,93.82,445460
2005-03-03,93.79,93.8,93.64,93.66,745200
2005-03-14,94.27,94.79,94.27,94.79,186040
2005-03-15,94.8,95.24,94.8,95.2,153050
2005-03-16,95.24,95.86,95.1,95.12,307680
2005-04-06,95.58,96.3,95.58,96.0,183920
2005-04-07,96.7,96.78,96.62,96.68,560400
2005-04-13,97.54,98.29,97.54,98.28,198100
2005-04-14,98.35,98.99,98.3,98.89,130140
2005-04-15,98.89,99.27,98.72,98.87,141200
2005-04-18,99.08,99.08,98.81,98.81,136420
2005-04-19,98.82,98.87,98.52,98.8,108230
2005-04-20,98.8,98.88,98.68,98.8,308850
2005-04-21,98.8,98.81,98.01,98.05,231740
2005-04-22,98.0,98.0,97.1,97.23,541450
2005-04-25,97.0,98.0,96.72,97.9,312640
2005-04-26,97.96,98.68,97.96,98.68,146330
2005-04-27,98.71,98.8,98.3,98.5,303470
2005-04-28,98.45,98.75,98.4,98.65,117540
2005-04-29,98.65,98.9,98.55,98.89,104020
2005-05-09,98.1,98.96,98.1,98.7,146010
2005-05-10,98.65,99.05,98.65,98.97,147740
2005-05-12,99.69,100.49,99.68,100.1,358570
2005-05-13,100.15,101.28,100.12,101.21,1582320
2005-05-16,101.22,101.98,101.21,101.43,494770
2005-05-17,101.5,101.62,101.1,101.12,368810
2005-05-18,101.12,101.74,101.03,101.66,615970
2005-05-19,101.66,101.78,101.5,101.66,308360
2005-05-20,101.68,102.18,101.65,102.12,367480
2005-05-23,102.08,102.66,102.05,102.38,328340
2005-05-24,102.44,102.63,102.15,102.2,539110
2005-05-25,102.21,102.44,102.21,102.36,164690
2005-05-26,102.42,102.7,102.37,102.4,270970
2005-05-27,102.4,102.5,101.98,102.05,214930
2005-05-30,102.01,102.14,101.6,101.65,277720
2005-05-31,101.45,101.76,101.35,101.7,337330
2005-06-01,101.72,102.18,101.7,102.17,279430
2005-06-02,102.18,102.29,102.01,102.07,400360
2005-06-03,102.08,102.18,102.0,102.13,297630
2005-06-06,102.06,102.22,102.05,102.1,365900
2005-06-07,102.1,102.14,101.91,102.07,356550
2005-06-08,102.07,102.23,102.0,102.23,471290
2005-06-09,102.2,102.45,102.15,102.44,201000
2005-06-10,102.45,103.18,102.38,103.18,305090
2005-06-13,103.18,104.18,103.16,104.07,564830
2005-06-14,104.27,105.34,104.27,104.89,877450
2005-06-15,104.85,105.59,104.85,105.3,408940
2005-06-16,105.31,105.48,105.0,105.12,848580
2005-06-17,105.12,105.89,105.12,105.85,589990
2005-06-20,105.85,106.27,105.03,105.34,687220
2005-06-21,105.17,105.45,105.1,105.43,283410
2005-06-22,105.58,105.91,105.44,105.76,347170
2005-06-23,105.75,105.9,105.65,105.68,283490
2005-06-24,105.79,105.83,105.42,105.57,227140
2005-06-27,105.5,105.56,104.87,105.38,364200
2005-06-28,105.38,105.49,105.18,105.4,175670
2005-06-29,105.45,105.58,105.37,105.48,328670
2005-06-30,105.47,105.6,105.38,105.49,185250
2005-07-01,105.46,105.46,105.3,105.4,367190
2005-07-04,105.4,105.7,105.35,105.65,253670
2005-07-05,105.62,106.03,105.55,106.03,111380
2005-07-06,106.05,106.59,106.05,106.58,82460
2005-07-07,106.6,107.01,106.6,107.0,99720
2005-07-08,107.0,107.57,106.98,107.45,644530
2005-07-11,107.4,107.7,107.06,107.67,212790
2005-07-12,107.69,108.0,107.68,107.82,384570
2005-07-13,107.85,108.24,107.83,108.21,144780
2005-07-14,107.15,108.27,107.15,107.98,76880
2005-07-15,107.99,108.12,107.49,108.1,247850
2005-07-18,108.0,108.3,107.88,108.01,162080
2005-07-19,108.01,108.05,107.78,107.83,255370
2005-07-20,107.79,108.1,107.79,108.0,81400
2005-07-21,108.0,108.1,107.75,107.83,411890
2005-07-22,108.0,108.1,107.5,107.86,752790
2005-07-25,107.87,109.05,107.76,109.01,293720
2005-07-26,109.01,109.39,109.01,109.37,185750
2005-07-27,109.36,110.1,109.16,110.02,228260
2005-07-28,110.0,110.19,109.8,110.0,259770
2005-07-29,110.0,110.14,109.82,109.93,189540
2005-08-01,109.89,109.89,109.74,109.8,189990
2005-08-02,109.86,109.86,109.65,109.79,236050
2005-08-03,109.7,109.71,109.01,109.06,596110
2005-08-04,109.03,109.03,108.08,108.35,1169110
2005-08-05,108.3,108.96,108.0,108.91,641280
2005-08-08,108.9,108.9,108.33,108.39,401490
2005-08-09,108.32,108.47,108.21,108.34,241070
2005-08-10,108.34,108.42,108.1,108.42,175860
2005-08-11,108.3,108.31,106.1,106.75,627840
2005-08-12,106.8,107.18,106.8,107.0,358530
2005-08-15,107.0,107.35,107.0,107.29,386360
2005-08-16,107.32,107.47,106.61,106.64,412450
2005-08-17,106.66,106.85,106.53,106.72,384650
2005-08-18,106.72,106.85,106.43,106.67,243790
2005-08-19,106.67,107.18,106.67,107.16,170300
2005-08-22,107.18,107.58,107.1,107.58,137310
2005-08-23,107.48,108.48,107.42,108.3,215070
2005-08-24,108.35,108.76,108.1,108.1,287980
2005-08-25,108.0,108.3,107.91,108.3,69420
2005-08-26,108.0,108.3,107.6,107.93,128100
2005-08-29,107.95,107.95,107.6,107.62,112420
2005-08-30,107.6,107.95,107.6,107.73,95530
2005-08-31,107.7,107.81,107.6,107.64,47640
2005-09-01,107.64,107.64,107.01,107.09,120050
2005-09-02,107.0,107.1,106.7,106.79,160470
2005-09-05,106.79,107.0,106.32,106.34,191480
2005-09-06,106.32,106.67,106.0,106.57,460830
2005-09-07,106.61,107.02,106.61,106.85,203770
2005-09-08,106.85,107.2,106.85,107.01,234860
2005-09-09,107.0,107.25,106.91,107.05,125080
2005-09-12,107.06,107.29,107.05,107.1,121090
2005-09-13,107.28,107.28,106.9,106.96,76260
2005-09-14,106.97,106.99,106.75,106.8,99070
2005-09-15,106.82,107.27,106.8,107.25,118960
2005-09-16,107.39,107.85,107.15,107.76,302630
2005-09-19,107.76,107.8,107.53,107.71,117870
2005-09-20,107.65,107.85,107.6,107.72,62190
2005-09-21,107.75,107.89,107.72,107.79,125000
2005-09-22,107.6,107.81,107.55,107.6,85330
2005-09-23,107.68,107.68,107.44,107.49,75030
2005-09-26,107.5,107.88,107.31,107.83,118460
2005-09-27,107.84,108.13,107.8,108.1,224220
2005-09-28,108.1,108.33,108.1,108.3,496850
2005-09-29,108.29,108.32,108.15,108.17,230540
2005-09-30,108.17,108.32,108.15,108.2,196630
2005-10-10,108.19,108.19,107.93,108.08,138670
2005-10-11,107.95,108.7,107.91,108.62,161860
2005-10-12,108.62,109.24,108.6,109.2,313620
2005-10-13,109.2,110.0,109.2,109.85,968120
2005-10-14,109.87,110.07,109.6,109.9,411330
2005-10-17,109.9,110.05,109.8,110.03,203920
2005-10-18,109.98,110.0,109.81,109.81,315950
2005-10-19,109.87,110.24,109.71,110.2,643530
2005-10-20,110.2,110.35,109.8,110.1,592950
2005-10-21,109.95,109.98,109.16,109.23,65290
2005-10-24,109.17,109.17,108.1,108.4,183250
2005-10-25,108.41,109.03,108.33,108.88,150840
2005-10-26,108.95,109.23,108.75,108.9,203460
2005-10-27,108.9,108.9,108.45,108.6,396560
2005-10-31,108.05,108.05,107.73,107.85,63950
2005-11-01,107.8,108.29,107.8,108.2,123640
2005-11-02,108.2,108.4,108.09,108.15,92030
2005-11-03,108.15,108.23,108.1,108.1,69360
2005-11-04,108.1,108.12,107.84,107.86,365650
2005-11-07,107.86,108.0,107.74,107.8,450700
2005-11-08,107.8,107.8,106.95,106.95,138550
2005-11-09,106.95,107.1,105.7,105.96,198370
2005-11-10,105.9,106.1,105.1,105.7,549190
2005-11-11,105.74,105.93,105.46,105.55,361030
2005-11-14,105.58,106.3,105.47,106.16,399280
2005-11-15,106.27,106.48,106.2,106.29,160110
2005-11-16,106.3,106.38,106.14,106.19,58610
2005-11-17,106.18,106.24,105.9,105.99,100360
2005-11-18,105.96,106.0,105.64,105.72,96610
2005-11-21,105.7,105.94,105.55,105.63,138800
2005-11-22,105.63,105.93,105.6,105.78,351880
2005-11-23,105.75,105.95,105.7,105.82,68160
2005-11-24,105.8,106.02,105.8,106.0,213960
2005-11-25,106.05,106.05,105.95,106.0,280120
2005-11-28,106.1,106.18,105.94,106.18,142000
2005-11-29,106.2,106.5,106.12,106.44,187100
2005-11-30,106.46,106.65,106.23,106.58,380030
2005-12-01,106.65,106.66,106.52,106.61,89580
2005-12-02,106.62,106.95,106.58,106.93,57800
2005-12-05,106.9,107.25,106.9,107.22,71300
2005-12-06,107.2,107.3,107.1,107.29,43860
2005-12-07,107.23,107.72,107.22,107.71,94650
2005-12-08,107.75,108.15,107.71,107.71,252940
2005-12-09,107.7,107.7,107.22,107.61,364410
2005-12-12,107.6,107.94,107.5,107.94,70260
2005-12-13,107.95,108.55,107.94,108.55,369190
2005-12-14,108.6,108.75,108.3,108.31,221700
2005-12-15,108.3,108.6,108.2,108.5,379420
2005-12-16,108.55,108.82,108.48,108.8,277890
2005-12-19,108.27,108.84,108.27,108.69,64610
2005-12-20,108.6,108.8,108.6,108.69,310500
2005-12-21,108.65,108.65,108.4,108.47,200120
2005-12-22,108.4,108.81,108.4,108.8,361790
2005-12-23,108.81,109.11,108.77,109.1,208420
2005-12-26,109.13,109.29,108.91,109.25,158460
2005-12-27,109.23,109.34,109.15,109.3,330700
2005-12-28,109.29,109.6,109.24,109.53,246700
2005-12-29,109.55,109.6,109.43,109.53,281320
2005-12-30,109.45,109.7,109.45,109.51,413160
2006-01-04,109.4,109.75,109.02,109.64,409580
2006-01-05,109.65,109.84,109.65,109.8,146870
2006-01-06,109.85,110.28,109.75,110.26,1031680
2006-01-09,110.25,110.32,110.04,110.31,530250
2006-01-10,110.2,110.54,110.2,110.4,214160
2006-01-11,110.4,110.64,110.4,110.42,153320
2006-01-12,110.4,110.57,110.21,110.44,516370
2006-01-13,110.4,110.54,110.35,110.53,418260
2006-01-16,110.03,110.56,110.03,110.5,118910
2006-01-17,110.46,111.0,110.46,110.95,424780
2006-01-18,110.95,111.23,110.95,111.21,291110
2006-01-19,111.25,111.25,110.9,110.98,443110
2006-01-20,110.9,111.08,110.9,111.04,672520
2006-01-23,111.0,111.0,110.05,110.4,247640
2006-01-24,110.2,110.88,110.2,110.75,325110
2006-01-25,110.73,111.03,110.5,110.84,188280
2006-02-06,110.5,110.84,110.4,110.69,400750
2006-02-07,110.6,110.74,110.51,110.65,243790
2006-02-08,110.55,110.64,110.1,110.45,218310
2006-02-09,110.35,110.7,109.8,110.6,962150
2006-02-10,110.6,111.05,110.6,111.0,486670
2006-02-13,111.0,111.08,110.65,110.87,162120
2006-02-14,110.8,110.87,110.76,110.85,176660
2006-02-15,110.8,111.0,110.77,110.98,148780
2006-02-16,110.86,110.96,110.75,110.79,53690
2006-02-17,110.76,110.9,110.0,110.63,211690
2006-02-20,110.6,110.63,110.4,110.6,206640
2006-02-21,110.58,110.6,110.26,110.28,334200
2006-02-22,110.11,110.27,110.03,110.15,600760
2006-02-23,110.15,110.26,110.08,110.09,1125080
2006-02-24,110.14,110.35,110.14,110.3,1160610
2006-02-27,110.35,110.58,110.2,110.2,62010
2006-02-28,110.2,110.33,110.12,110.13,564860
2006-03-01,110.12,110.4,110.1,110.4,168520
2006-03-02,110.4,110.56,110.3,110.51,141210
2006-03-03,110.56,110.84,110.51,110.76,428830
2006-03-06,110.8,110.94,110.75,110.91,239340
2006-03-07,110.84,110.95,110.84,110.88,145920
2006-03-08,110.88,110.9,110.73,110.76,334110
2006-03-09,110.76,110.88,110.71,110.87,192240
2006-03-10,110.82,110.94,110.82,110.89,77930
2006-03-13,110.85,110.89,110.71,110.73,18340
2006-03-14,110.73,110.74,110.49,110.5,48660
2006-03-15,110.5,110.58,110.4,110.49,39860
2006-03-16,110.55,110.55,110.4,110.4,51650
2006-03-17,110.38,110.52,110.37,110.5,58740
2006-03-20,110.45,110.45,110.26,110.29,80170
2006-03-21,110.29,110.29,110.05,110.09,100160
2006-03-22,110.09,110.09,109.68,109.7,410390
2006-03-23,109.6,110.25,109.55,110.22,849690
2006-03-24,110.2,110.23,110.0,110.09,49060
2006-03-27,110.09,110.19,109.92,110.12,64750
2006-03-28,110.07,110.14,110.06,110.1,36000
2006-03-29,110.14,110.14,109.91,109.95,76100
2006-03-30,109.95,109.99,109.85,109.99,57420
2006-03-31,109.86,110.0,109.86,109.99,66950
2006-04-03,109.95,109.99,109.75,109.8,64400
2006-04-04,109.63,109.63,109.46,109.49,356060
2006-04-05,109.48,109.48,109.15,109.45,265370
2006-04-06,109.38,109.69,109.25,109.55,269730
2006-04-07,109.55,109.95,109.55,109.9,98760
2006-04-10,109.91,109.91,109.68,109.7,110540
2006-04-11,109.68,109.68,109.26,109.36,51530
2006-04-12,109.3,109.34,109.1,109.2,43170
2006-04-13,109.11,109.3,109.05,109.13,200050
2006-04-14,109.1,109.2,109.0,109.05,390230
2006-04-17,108.85,108.9,108.56,108.61,445360
2006-04-18,108.55,108.65,108.42,108.51,69290
2006-04-19,108.51,108.81,108.51,108.58,58050
2006-04-20,108.59,108.68,108.51,108.58,40130
2006-04-21,108.52,108.55,108.27,108.29,69130
2006-04-24,108.2,108.21,107.9,107.99,171810
2006-04-25,107.5,107.88,107.5,107.85,141550
2006-04-26,107.8,108.18,107.73,108.16,44760
2006-04-27,108.17,108.57,108.17,108.57,40390
2006-04-28,108.44,108.97,108.0,108.93,75110
2006-05-08,108.85,108.85,108.58,108.8,169160
2006-05-09,108.7,109.12,108.66,109.01,217150
2006-05-10,109.1,109.24,108.8,109.17,242630
2006-05-11,109.17,109.3,108.91,109.0,66750
2006-05-12,109.0,109.12,108.9,109.0,167660
2006-05-15,108.82,108.92,108.48,108.84,298040
2006-05-16,108.8,108.88,108.52,108.82,213870
2006-05-17,108.75,109.0,108.75,108.92,155520
2006-05-18,108.91,109.02,108.84,108.97,673280
2006-05-19,108.91,109.07,108.9,109.04,721050
2006-05-22,108.95,109.03,108.91,109.02,714550
2006-05-23,109.02,109.05,109.01,109.05,1119160
2006-05-24,109.05,109.2,109.05,109.17,1086240
2006-05-25,109.17,109.2,109.01,109.18,148800
2006-05-26,109.3,109.3,109.1,109.24,101030
2006-05-29,109.15,109.3,109.11,109.3,262740
2006-05-30,109.15,109.3,109.14,109.2,34100
2006-05-31,109.16,109.24,109.1,109.19,68690
2006-06-01,109.15,109.21,109.05,109.15,159950
2006-06-02,109.0,109.01,108.7,108.75,188200
2006-06-05,108.62,108.62,108.0,108.15,128870
2006-06-06,108.1,108.2,107.9,107.99,898490
2006-06-07,107.95,108.05,107.12,107.23,442540
2006-06-08,107.15,107.4,107.0,107.34,559440
2006-06-09,107.36,107.72,107.35,107.53,162600
2006-06-12,107.3,107.7,107.3,107.5,122260
2006-06-13,107.68,107.68,107.3,107.32,193600
2006-06-14,107.37,107.39,107.3,107.35,12550
2006-06-15,107.49,107.59,107.36,107.56,14560
2006-06-16,107.57,107.77,107.5,107.7,33550
2006-06-19,107.0,107.25,106.8,107.22,62870
2006-06-20,107.15,107.22,107.1,107.22,22350
2006-06-21,107.21,107.22,106.96,107.0,74010
2006-06-22,107.01,107.04,106.91,106.93,21430
2006-06-23,106.8,106.81,106.2,106.52,125080
2006-06-26,106.5,106.7,106.11,106.68,30270
2006-06-27,106.68,106.95,106.68,106.91,20530
2006-06-28,106.88,107.0,106.8,106.82,30700
2006-06-29,106.88,106.97,106.77,106.93,42200
2006-06-30,106.91,106.98,106.9,106.95,48890
2006-07-03,106.95,106.95,106.76,106.76,41730
2006-07-04,106.75,106.77,106.7,106.71,44240
2006-07-05,106.61,106.82,106.61,106.66,33140
2006-07-06,106.7,106.7,106.49,106.51,30970
2006-07-07,106.5,106.5,106.15,106.29,173590
2006-07-10,106.28,106.43,106.2,106.4,19410
2006-07-11,106.12,106.48,106.12,106.47,24880
2006-07-12,106.33,106.49,106.33,106.42,18350
2006-07-13,106.42,106.45,106.3,106.4,34530
2006-07-14,106.3,106.35,106.15,106.17,78160
2006-07-17,106.16,106.16,105.9,106.01,90530
2006-07-18,106.0,106.1,105.95,105.95,16760
2006-07-19,106.05,106.07,105.81,105.81,84240
2006-07-20,105.8,105.8,105.66,105.66,77670
2006-07-21,105.58,105.69,105.51,105.68,18330
2006-07-24,105.5,105.68,105.01,105.38,12060
2006-07-25,105.34,105.66,105.3,105.59,18400
2006-07-26,105.39,105.75,105.38,105.74,29130
2006-07-27,105.74,106.1,105.74,106.1,14900
2006-07-28,106.1,106.12,106.02,106.07,64580
2006-07-31,106.0,106.06,105.55,105.93,21400
2006-08-01,105.95,105.96,105.85,105.95,26050
2006-08-02,106.0,106.03,105.88,105.94,82440
2006-08-03,105.98,106.0,105.95,105.97,19230
2006-08-04,105.97,106.1,105.9,106.1,13750
2006-08-07,106.1,106.17,106.05,106.1,24270
2006-08-08,106.07,106.54,106.06,106.5,81880
2006-08-09,106.4,106.95,106.4,106.91,14890
2006-08-10,106.86,107.18,106.76,107.09,29750
2006-08-11,107.1,107.24,107.01,107.14,21320
2006-08-14,107.15,107.15,107.0,107.05,17640
2006-08-15,107.01,107.5,107.01,107.5,17710
2006-08-16,107.48,108.0,107.48,108.0,60790
2006-08-17,107.9,108.08,107.5,107.82,27940
2006-08-18,107.7,107.98,107.68,107.87,25080
2006-08-21,106.0,106.95,105.8,106.78,158160
2006-08-22,106.7,107.3,106.61,107.09,45700
2006-08-23,107.11,107.25,107.11,107.18,80360
2006-08-24,107.19,107.25,107.09,107.19,49410
2006-08-25,107.15,107.19,106.61,107.1,74990
2006-08-28,107.0,107.04,106.77,106.82,32580
2006-08-29,106.7,106.88,106.54,106.78,11170
2006-08-30,106.76,106.92,106.76,106.88,15030
2006-08-31,106.89,107.08,106.89,107.05,77180
2006-09-01,107.05,107.15,107.0,107.02,57920
2006-09-04,106.94,107.08,106.9,107.01,108960
2006-09-05,107.1,107.1,106.81,107.04,132820
2006-09-06,107.03,107.15,107.01,107.15,125980
2006-09-08,107.09,107.17,107.07,107.15,14670
2006-09-11,107.15,107.2,107.11,107.13,7990
2006-09-12,107.11,107.2,107.11,107.2,16890
2006-09-13,107.2,107.2,107.15,107.18,26120
2006-09-14,107.13,107.32,107.11,107.31,22040
2006-09-15,107.26,107.39,107.26,107.38,42480
2006-09-18,107.32,107.54,107.18,107.5,25360
2006-09-19,107.42,108.0,107.42,107.91,71940
2006-09-20,107.9,108.3,107.9,108.27,57130
2006-09-21,108.27,108.6,108.2,108.44,62470
2006-09-22,108.44,108.46,108.32,108.4,41360
2006-09-25,108.21,108.54,108.16,108.48,71820
2006-09-26,108.48,108.63,108.4,108.6,46470
2006-09-27,108.6,108.74,108.5,108.72,22940
2006-09-28,108.65,109.28,108.65,109.21,59520
2006-09-29,109.22,109.4,109.16,109.35,91160
2006-10-09,109.35,109.35,109.0,109.11,62740
2006-10-10,109.05,109.3,109.02,109.3,75260
2006-10-11,109.19,109.34,109.19,109.3,74420
2006-10-12,109.25,109.27,109.21,109.25,11120
2006-10-13,109.25,109.3,109.16,109.26,46080
2006-10-16,109.26,109.31,109.19,109.31,82130
2006-10-17,109.34,109.65,109.3,109.54,40880
2006-10-18,109.5,109.79,109.5,109.74,27410
2006-10-19,109.7,110.08,109.6,110.06,147100
2006-10-20,110.0,110.3,110.0,110.26,265880
2006-10-23,110.1,110.24,110.01,110.02,63630
2006-10-24,110.0,110.13,109.81,110.08,60770
2006-10-25,111.0,111.0,110.03,110.12,35570
2006-10-26,110.1,110.2,110.0,110.19,59320
2006-10-27,110.1,110.18,109.81,109.99,55550
2006-10-30,109.99,109.99,109.83,109.88,52630
2006-10-31,109.87,109.87,109.57,109.86,62260
2006-11-01,109.81,109.85,109.76,109.79,64610
2006-11-02,109.7,109.77,109.7,109.72,17750
2006-11-03,109.62,109.84,109.61,109.75,29990
2006-11-06,109.55,109.65,109.55,109.62,33860
2006-11-07,109.51,109.75,109.51,109.67,34690
2006-11-08,109.67,109.76,109.62,109.65,22980
2006-11-09,109.65,109.83,109.65,109.8,50990
2006-11-10,109.72,109.95,109.72,109.94,40390
2006-11-13,109.73,109.92,109.73,109.9,36870
2006-11-14,110.3,110.3,109.8,109.9,23410
2006-11-15,109.91,109.95,109.91,109.94,13830
2006-11-16,109.9,109.98,109.9,109.92,18160
2006-11-17,109.91,110.0,109.9,109.95,19920
2006-11-20,109.95,110.0,109.95,109.95,51910
2006-11-21,109.9,109.97,109.67,109.96,25970
2006-11-22,109.75,109.96,109.75,109.96,23170
2006-11-23,109.79,109.85,109.75,109.81,11100
2006-11-24,109.8,109.83,109.5,109.7,61340
2006-11-27,109.5,109.5,109.0,109.3,37260
2006-11-28,109.01,109.44,109.0,109.37,13640
2006-11-29,109.35,109.53,109.35,109.51,23420
2006-11-30,109.4,109.58,109.4,109.55,59700
2006-12-01,109.51,109.6,109.48,109.57,55600
2006-12-04,109.52,109.72,109.42,109.72,67870
2006-12-05,109.5,109.7,109.5,109.65,555250
2006-12-06,109.26,109.63,109.26,109.38,35470
2006-12-07,109.3,109.38,109.0,109.09,45090
2006-12-08,109.08,109.08,108.8,108.82,42320
2006-12-11,108.82,108.99,108.46,108.87,26980
2006-12-12,108.67,108.85,108.6,108.68,16310
2006-12-13,108.67,108.74,108.6,108.68,27260
2006-12-14,108.73,108.8,108.68,108.75,22570
2006-12-15,108.88,108.88,108.6,108.8,27070
2006-12-18,108.75,108.82,108.7,108.8,562390
2006-12-19,108.6,108.88,108.6,108.81,59520
2006-12-20,108.62,108.81,108.62,108.8,61530
2006-12-21,108.8,108.88,108.8,108.8,35890
2006-12-22,108.8,108.84,108.61,108.82,17190
2006-12-25,108.7,108.7,108.6,108.6,48590
2006-12-26,108.3,108.56,108.3,108.49,68230
2006-12-27,108.49,108.49,108.2,108.39,20540
2006-12-28,108.35,108.44,108.17,108.42,28980
2006-12-29,108.43,108.8,108.43,108.71,31370
2007-01-04,108.51,108.51,108.3,108.4,30070
2007-01-05,108.4,108.51,108.3,108.43,22740
2007-01-08,108.1,108.47,108.1,108.42,56430
2007-01-09,108.41,108.47,108.41,108.45,28370
2007-01-10,108.41,108.53,108.41,108.5,37470
2007-01-11,108.5,108.64,108.4,108.46,47130
2007-01-12,108.35,108.38,108.05,108.3,37660
2007-01-15,108.2,108.36,108.2,108.25,33470
2007-01-16,108.2,108.35,108.2,108.3,29580
2007-01-17,108.3,108.4,108.3,108.35,31870
2007-01-18,108.35,108.47,108.35,108.4,21300
2007-01-19,108.41,108.7,108.36,108.62,142560
2007-01-22,108.42,108.6,108.39,108.55,52120
2007-01-23,108.52,108.56,108.48,108.55,55270
2007-01-24,108.53,108.62,108.42,108.6,37690
2007-01-25,108.46,108.67,108.46,108.6,18010
2007-01-26,108.6,108.6,108.4,108.52,18060
2007-01-29,108.41,108.7,108.41,108.7,27870
2007-01-30,108.7,108.85,108.62,108.8,145670
2007-01-31,108.85,108.98,108.6,108.9,184770
2007-02-01,108.81,109.0,108.76,108.95,31650
2007-02-02,108.91,108.91,108.2,108.6,13710
2007-02-05,108.6,108.6,108.45,108.58,19210
2007-02-06,108.4,108.55,108.39,108.41,35550
2007-02-07,108.49,108.7,108.47,108.5,13010
2007-02-08,108.5,108.6,108.5,108.57,15370
2007-02-09,108.6,108.6,108.35,108.53,28350
2007-02-12,108.52,108.52,108.43,108.44,68180
2007-02-13,108.4,108.41,107.8,107.9,38370
2007-02-14,107.95,108.0,107.7,107.88,23460
2007-02-15,108.2,108.3,107.81,108.18,10700
2007-02-16,108.05,108.49,108.05,108.42,30560
2007-02-26,108.02,108.2,107.8,107.88,27120
2007-02-27,107.83,107.98,107.51,107.6,32360
2007-02-28,107.4,107.83,107.38,107.78,41690
2007-03-01,107.78,107.8,107.59,107.75,23480
2007-03-02,107.8,107.89,107.8,107.8,15790
2007-03-05,107.8,108.0,107.7,108.0,38680
2007-03-06,108.0,108.04,107.94,108.0,10090
2007-03-07,108.0,108.12,107.97,107.97,12920
2007-03-08,107.81,107.96,107.8,107.82,9580
2007-03-09,107.82,108.0,107.82,108.0,52130
2007-03-12,107.82,108.05,107.8,107.9,10320
2007-03-13,107.9,107.9,107.7,107.73,14310
2007-03-14,107.73,107.73,107.6,107.67,10370
2007-03-15,107.66,107.74,107.52,107.71,17860
2007-03-16,107.65,107.7,107.5,107.64,31740
2007-03-19,106.98,107.58,106.95,107.5,32450
2007-03-20,107.5,107.7,107.35,107.66,13610
2007-03-21,107.66,107.69,107.58,107.58,19060
2007-03-22,107.62,107.68,107.4,107.45,19660
2007-03-23,107.45,107.5,107.45,107.5,17440
2007-03-26,107.44,107.44,107.22,107.32,33480
2007-03-27,107.31,107.58,107.25,107.57,91070
2007-03-28,107.5,107.65,107.5,107.58,42070
2007-03-29,107.51,107.64,107.51,107.63,29320
2007-03-30,107.55,107.68,107.55,107.66,12850
2007-04-02,107.6,107.69,107.58,107.64,14170
2007-04-03,107.62,107.66,107.5,107.6,15960
2007-04-04,107.5,107.8,107.5,107.56,17780
2007-04-05,107.55,107.64,107.46,107.5,15070
2007-04-06,107.5,107.58,107.45,107.49,288890
2007-04-09,107.11,107.44,107.11,107.16,29560
2007-04-10,107.15,107.16,106.61,106.74,36170
2007-04-11,106.7,106.7,105.86,106.51,56460
2007-04-12,106.51,106.75,106.51,106.52,17780
2007-04-13,106.5,106.5,106.2,106.41,25700
2007-04-16,106.41,106.41,106.0,106.22,43470
2007-04-17,106.2,106.2,106.02,106.05,58660
2007-04-18,105.96,106.0,105.41,105.41,34820
2007-04-19,105.35,105.35,104.5,104.97,71150
2007-04-20,104.85,105.08,104.4,104.89,45810
2007-04-23,104.7,104.9,104.52,104.77,28310
2007-04-24,104.81,104.96,104.8,104.94,24170
2007-04-25,104.94,105.1,104.88,105.1,18480
2007-04-26,105.05,105.1,104.7,104.85,20360
2007-04-27,104.84,105.08,104.79,104.88,22510
2007-04-30,104.8,105.0,104.59,104.96,27180
2007-05-08,104.95,104.95,104.69,104.8,34230
2007-05-09,104.8,104.8,104.5,104.52,26120
2007-05-10,104.5,104.59,104.42,104.56,26060
2007-05-11,104.55,104.55,104.2,104.31,21320
2007-05-14,104.26,104.26,100.26,103.65,30980
2007-05-15,103.51,103.59,103.26,103.26,53870
2007-05-16,103.19,103.2,103.01,103.17,35140
2007-05-17,103.25,103.58,103.1,103.36,34960
2007-05-18,103.39,103.39,103.15,103.22,42250
2007-05-21,103.18,103.18,102.51,102.84,47020
2007-05-22,102.82,102.83,102.48,102.55,52870
2007-05-23,102.5,102.59,102.5,102.52,60360
2007-05-24,102.55,102.55,102.16,102.2,49920
2007-05-25,102.2,102.55,102.15,102.46,40440
2007-05-28,102.41,102.58,102.24,102.52,29980
2007-05-29,102.5,102.68,102.5,102.68,26600
2007-05-30,102.62,103.5,102.48,103.31,45350
2007-05-31,103.3,103.3,102.6,102.72,170820
2007-06-01,102.73,103.36,102.73,102.82,23210
2007-06-04,102.5,102.95,102.47,102.84,56100
2007-06-05,102.52,102.86,102.51,102.58,53720
2007-06-06,102.49,102.57,102.17,102.48,49970
2007-06-07,102.21,102.48,102.17,102.3,21730
2007-06-08,102.32,102.59,102.23,102.3,41130
2007-06-11,102.3,102.37,102.21,102.23,57860
2007-06-12,102.28,102.29,102.15,102.17,39770
2007-06-13,102.3,102.3,101.69,101.8,37280
2007-06-14,101.28,101.5,101.25,101.27,82890
2007-06-15,101.22,101.26,100.0,100.62,68010
2007-06-18,100.4,100.4,100.0,100.11,69320
2007-06-19,100.0,100.1,99.9,100.03,40420
2007-06-20,100.05,100.1,99.96,100.0,24630
2007-06-21,100.0,100.1,100.0,100.1,46710
2007-06-22,100.09,100.12,99.93,100.05,17050
2007-06-25,100.0,100.06,99.91,100.06,39160
2007-06-26,99.95,100.05,99.93,99.98,31750
2007-06-27,99.92,100.05,99.5,100.01,21920
2007-06-28,100.01,100.01,99.6,99.67,32920
2007-06-29,99.5,99.7,99.5,99.67,19260
2007-07-02,99.5,99.67,99.1,99.55,26290
2007-07-03,99.5,99.71,99.21,99.55,11480
2007-07-04,99.5,99.68,99.5,99.59,4530
2007-07-05,99.5,99.99,99.5,99.98,22980
2007-07-06,99.8,100.06,99.51,100.04,24070
2007-07-09,99.82,100.1,99.82,100.03,13030
2007-07-10,100.03,100.15,100.03,100.07,9280
2007-07-11,100.06,100.06,99.81,99.96,12930
2007-07-12,99.85,99.93,99.75,99.77,37370
2007-07-13,99.8,99.8,99.56,99.75,5530
2007-07-16,99.74,99.74,99.62,99.63,7310
2007-07-17,99.5,99.77,99.5,99.7,7470
2007-07-18,99.66,99.8,99.55,99.73,2760
2007-07-19,99.77,99.78,99.7,99.7,11120
2007-07-20,99.58,99.72,99.53,99.69,19800
2007-07-23,99.48,99.48,98.0,98.62,56130
2007-07-24,98.62,98.62,98.1,98.18,54590
2007-07-25,98.0,98.0,97.8,97.91,23390
2007-07-26,97.9,98.58,97.4,98.56,68270
2007-07-27,98.56,98.8,98.4,98.68,76420
2007-07-30,98.65,98.8,98.56,98.69,15300
2007-07-31,98.68,98.68,98.35,98.58,69860
2007-08-01,98.5,98.59,98.3,98.56,67940
2007-08-02,98.56,98.56,98.08,98.2,30360
2007-08-03,98.1,98.6,98.09,98.54,58220
2007-08-06,98.54,98.54,98.0,98.06,43390
2007-08-07,98.0,98.55,97.66,98.54,104530
2007-08-08,98.21,98.21,98.08,98.12,22120
2007-08-09,98.12,98.21,98.11,98.2,22550
2007-08-10,98.1,98.19,97.9,97.93,21080
2007-08-13,97.78,97.78,97.5,97.68,35980
2007-08-14,97.67,97.67,97.51,97.58,51020
2007-08-15,97.55,97.55,97.27,97.3,46390
2007-08-16,97.27,97.4,97.21,97.26,29020
2007-08-17,97.35,97.4,97.21,97.37,34790
2007-08-20,97.37,97.73,97.25,97.55,31360
2007-08-21,97.68,97.75,97.58,97.7,23920
2007-08-22,97.01,97.7,97.01,97.63,43440
2007-08-23,97.53,97.88,97.44,97.75,67800
2007-08-24,97.6,97.93,97.6,97.9,28150
2007-08-27,97.9,98.28,97.69,98.16,67060
2007-08-28,98.17,98.2,98.01,98.03,15000
2007-08-29,98.03,98.3,98.0,98.08,21170
2007-08-30,98.2,98.27,98.05,98.23,24490
2007-08-31,98.11,98.33,98.1,98.16,20360
2007-09-03,98.05,98.16,97.62,97.72,33490
2007-09-04,97.63,97.64,97.4,97.4,22880
2007-09-05,97.4,97.4,97.22,97.28,14360
2007-09-06,97.32,97.32,97.12,97.29,29960
2007-09-07,97.17,97.22,97.03,97.19,24260
2007-09-10,97.0,97.1,96.7,96.7,29470
2007-09-11,96.6,96.63,96.06,96.06,20870
2007-09-12,96.0,96.0,95.42,95.44,20560
2007-09-13,95.44,95.44,95.11,95.19,27530
2007-09-14,95.19,95.5,95.06,95.17,27800
2007-09-17,95.0,95.2,94.4,94.85,49430
2007-09-18,94.64,94.73,94.03,94.37,25760
2007-09-19,94.34,94.77,94.2,94.65,40780
2007-09-20,94.7,94.99,94.66,94.9,10150
2007-09-21,94.75,94.94,93.96,94.22,127130
2007-09-24,93.96,94.56,93.8,94.54,114050
2007-09-25,94.19,94.89,94.15,94.75,209770
2007-09-26,94.7,94.93,94.56,94.88,24630
2007-09-27,94.52,94.84,94.52,94.82,15770
2007-09-28,94.82,95.43,94.82,95.26,52120
2007-10-08,94.91,95.25,94.41,95.09,22330
2007-10-09,95.0,95.0,94.7,94.99,27110
2007-10-10,95.09,95.09,94.74,94.85,225870
2007-10-11,94.78,95.97,94.78,95.72,221340
2007-10-12,95.79,95.79,95.0,95.1,141440
2007-10-15,95.02,95.25,94.99,95.21,715320
2007-10-16,95.12,95.15,95.01,95.1,369180
2007-10-17,95.1,95.12,94.91,94.99,43810
2007-10-18,94.93,95.0,94.81,94.99,45210
2007-10-19,94.82,94.96,94.66,94.79,13380
2007-10-22,94.61,94.64,94.23,94.49,22090
2007-10-23,94.68,94.79,94.19,94.48,20800
2007-10-24,94.5,94.5,94.33,94.44,17200
2007-10-25,94.33,94.33,93.85,93.86,50600
2007-10-26,93.75,94.37,93.75,94.21,68640
2007-10-29,94.05,94.56,94.05,94.41,23550
2007-10-30,94.41,94.41,93.99,93.99,11390
2007-10-31,94.19,94.35,94.02,94.3,12700
2007-11-01,94.45,94.49,94.2,94.3,13040
2007-11-02,94.3,94.5,94.02,94.31,18470
2007-11-05,94.1,95.11,94.1,94.75,90150
2007-11-06,94.75,95.36,94.75,95.2,263680
2007-11-07,95.35,95.5,94.94,95.2,368420
2007-11-08,95.39,95.46,95.21,95.39,160660
2007-11-09,95.46,95.49,95.2,95.2,68040
2007-11-12,94.92,95.3,94.83,95.2,26810
2007-11-13,94.91,95.15,94.9,95.05,69780
2007-11-14,95.05,95.1,95.0,95.05,58910
2007-11-15,95.04,95.1,95.0,95.08,125570
2007-11-16,95.07,95.1,95.01,95.06,71030
2007-11-19,95.0,95.59,94.9,94.91,591660
2007-11-20,94.91,95.0,94.9,94.95,118970
2007-11-21,94.99,94.99,94.51,94.9,115030
2007-11-22,94.79,95.24,94.79,95.19,515230
2007-11-23,95.06,95.25,95.04,95.19,160200
2007-11-26,95.1,95.48,95.1,95.36,269980
2007-11-27,95.3,95.49,95.21,95.35,620850
2007-11-28,95.34,95.35,95.28,95.32,377880
2007-11-29,95.31,95.4,95.25,95.34,356550
2007-11-30,95.3,95.38,95.3,95.35,586160
2007-12-03,95.3,95.3,95.01,95.2,76090
2007-12-04,95.15,95.26,94.9,95.1,74690
2007-12-05,94.89,95.14,94.89,95.01,40630
2007-12-06,95.03,95.07,94.93,95.05,33850
2007-12-07,94.96,95.05,94.92,95.03,31150
2007-12-10,94.95,94.99,94.86,94.87,40030
2007-12-11,94.73,94.95,94.71,94.8,129820
2007-12-12,94.69,94.84,94.48,94.62,9950
2007-12-13,94.62,94.79,94.5,94.58,78860
2007-12-14,94.46,94.5,94.2,94.35,6430
2007-12-17,94.33,94.65,94.3,94.63,20360
2007-12-18,94.47,94.64,94.45,94.5,87620
2007-12-19,94.64,94.9,94.5,94.75,41040
2007-12-20,94.75,95.1,94.75,95.05,77770
2007-12-21,94.99,95.22,94.8,95.22,39030
2007-12-24,95.11,95.4,95.11,95.4,45080
2007-12-25,95.59,95.87,95.59,95.76,29740
2007-12-26,95.93,96.76,95.8,96.0,30470
2007-12-27,96.1,96.17,95.85,96.13,20490
2007-12-28,96.13,96.58,96.0,96.27,21360
2008-01-02,96.0,96.1,96.0,96.05,13920
2008-01-03,95.59,96.0,95.59,95.93,23010
2008-01-04,95.93,96.1,95.93,96.08,211770
2008-01-07,95.99,96.18,95.99,96.02,27240
2008-01-08,96.02,96.14,95.98,96.11,27190
2008-01-09,96.02,96.15,96.02,96.12,27350
2008-01-10,96.14,96.47,96.05,96.47,30030
2008-01-11,96.75,96.96,96.24,96.58,8690
2008-01-14,96.5,97.2,96.5,97.07,28510
2008-01-15,97.09,97.8,97.09,97.38,41620
2008-01-16,97.38,97.65,97.38,97.53,21510
2008-01-17,97.49,97.69,97.12,97.36,24660
2008-01-18,97.18,97.68,97.17,97.61,22650
2008-01-21,97.7,97.89,97.7,97.79,99910
2008-01-22,97.7,97.85,97.12,97.72,31680
2008-01-23,97.51,98.85,97.5,98.5,54910
2008-01-24,98.5,98.87,98.5,98.74,27320
2008-01-25,98.58,98.8,98.58,98.79,20260
2008-01-28,98.78,99.0,98.71,98.85,37720
2008-01-29,98.84,99.03,98.73,99.03,18430
2008-01-30,99.14,100.14,99.14,100.04,128290
2008-01-31,99.49,100.38,99.49,100.21,106880
2008-02-01,100.12,101.7,100.11,101.49,714250
2008-02-04,101.5,101.6,101.2,101.45,446540
2008-02-05,101.2,102.38,101.2,102.37,174100
2008-02-13,102.5,102.5,101.9,102.27,409250
2008-02-14,102.06,102.27,101.12,101.13,127680
2008-02-15,101.0,101.58,101.0,101.36,409900
2008-02-18,101.31,101.5,101.31,101.45,233070
2008-02-19,101.27,101.44,101.02,101.07,490640
2008-02-20,101.2,101.2,100.2,100.42,120420
2008-02-21,100.42,100.57,100.22,100.5,29290
2008-02-22,100.34,100.67,100.33,100.6,33180
2008-02-25,100.4,101.38,100.39,101.0,470710
2008-02-26,101.2,101.3,101.0,101.09,184600
2008-02-27,100.86,101.09,100.64,100.88,198940
2008-02-28,100.65,101.08,100.64,100.94,255810
2008-02-29,100.92,101.48,100.92,101.41,480270
2008-03-03,101.4,101.41,101.21,101.22,80620
2008-03-04,101.2,101.22,101.0,101.0,34030
2008-03-05,100.82,100.96,100.81,100.84,27410
2008-03-06,100.52,100.69,100.51,100.6,12570
2008-03-07,100.33,101.57,100.3,100.67,17060
2008-03-10,100.6,101.12,100.6,101.0,39090
2008-03-11,100.82,101.08,100.82,101.0,23900
2008-03-12,101.0,101.08,101.0,101.0,18550
2008-03-13,100.92,101.04,100.91,101.01,36880
2008-03-14,100.65,101.07,100.65,101.07,244330
2008-03-17,100.81,101.06,100.81,101.01,25290
2008-03-18,101.0,101.1,101.0,101.06,20380
2008-03-19,100.87,101.26,100.87,101.17,31630
2008-03-20,101.13,101.45,101.13,101.45,58380
2008-03-21,101.31,102.01,101.31,102.0,49350
2008-03-24,102.0,103.5,102.0,103.1,92980
2008-03-25,103.1,103.4,103.01,103.1,56950
2008-03-26,102.91,103.0,102.5,102.73,15730
2008-03-27,102.61,102.8,101.8,101.81,244110
2008-03-28,101.81,101.93,101.8,101.84,18490
2008-03-31,101.9,101.9,101.52,101.63,21200
2008-04-01,101.41,101.78,101.4,101.62,48830
2008-04-02,101.4,101.7,101.4,101.61,120520
2008-04-03,101.58,101.77,101.57,101.68,18060
2008-04-07,101.65,101.71,101.51,101.71,47930
2008-04-08,101.61,101.73,101.6,101.73,15020
2008-04-09,101.8,101.94,101.69,101.77,23590
2008-04-10,101.7,101.8,101.7,101.76,22050
2008-04-11,101.7,101.83,101.69,101.76,14200
2008-04-14,101.78,101.82,101.47,101.48,171260
2008-04-15,101.13,101.38,101.1,101.22,362480
2008-04-16,101.29,101.53,101.29,101.52,36620
2008-04-17,101.53,101.58,101.26,101.4,33610
2008-04-18,101.27,101.3,101.11,101.14,48050
2008-04-21,101.13,101.2,100.8,100.82,81420
2008-04-22,100.0,100.79,100.0,100.27,39610
2008-04-23,100.08,100.33,99.76,100.0,428750
2008-04-24,99.81,100.43,99.8,100.24,45240
2008-04-25,100.02,100.54,100.02,100.5,15990
2008-04-28,100.41,100.69,100.3,100.37,24990
2008-04-29,100.41,100.42,100.21,100.38,24310
2008-04-30,100.48,100.5,100.36,100.49,122210
2008-05-05,100.38,100.63,100.37,100.56,25600
2008-05-06,100.46,100.6,100.4,100.49,64080
2008-05-07,100.41,100.55,100.32,100.45,45100
2008-05-08,100.4,100.4,100.13,100.18,111970
2008-05-09,100.11,100.3,100.11,100.29,42790
2008-05-12,100.25,100.27,100.13,100.27,16940
2008-05-13,100.28,100.28,100.13,100.22,34240
2008-05-14,100.24,100.29,100.17,100.24,14200
2008-05-15,100.2,100.33,100.19,100.25,29050
2008-05-16,100.29,100.89,100.26,100.87,74630
2008-05-19,100.7,101.0,100.63,100.86,41880
2008-05-20,100.8,101.1,100.78,100.93,16150
2008-05-21,100.93,101.22,100.8,101.06,148930
2008-05-22,101.09,101.1,100.9,100.97,5930
2008-05-23,100.83,101.09,100.83,101.03,6890
2008-05-26,100.96,101.0,100.84,100.87,7650
2008-05-27,101.56,101.57,100.87,100.91,8070
2008-05-28,100.82,101.0,100.82,100.91,8110
2008-05-29,100.92,101.12,100.9,100.96,191740
2008-05-30,100.97,101.0,100.91,100.97,11480
2008-06-02,100.97,101.05,100.92,101.05,5070
2008-06-03,101.0,101.1,101.0,101.04,3910
2008-06-04,101.02,101.04,100.96,101.0,5480
2008-06-05,100.91,101.0,100.62,100.65,19840
2008-06-06,100.41,100.78,100.4,100.65,16780
2008-06-10,100.59,100.6,99.9,99.99,92460
2008-06-11,99.7,100.16,99.7,100.07,17500
2008-06-12,100.08,100.18,100.07,100.17,21140
2008-06-13,100.1,100.34,100.07,100.23,20320
2008-06-16,100.18,100.69,100.12,100.59,38790
2008-06-17,100.25,100.55,100.25,100.55,6560
2008-06-18,100.36,100.53,100.36,100.45,28200
2008-06-19,100.45,100.49,100.39,100.49,14280
2008-06-20,100.42,100.49,100.32,100.48,9120
2008-06-23,100.2,100.59,100.2,100.3,30900
2008-06-24,100.09,100.17,100.01,100.13,21200
2008-06-25,100.12,100.12,99.99,100.03,30320
2008-06-26,100.0,100.03,99.95,100.02,31630
2008-06-27,99.93,100.05,99.6,99.61,60360
2008-06-30,99.6,99.97,99.6,99.75,25580
2008-07-01,99.7,99.7,99.55,99.6,7700
2008-07-02,99.51,99.6,99.3,99.3,23170
2008-07-03,99.41,99.41,98.5,98.75,38270
2008-07-04,98.35,98.88,98.35,98.61,7350
2008-07-07,98.8,98.88,98.65,98.7,20010
2008-07-08,98.71,98.78,98.69,98.78,16950
2008-07-09,98.78,98.84,98.69,98.83,10780
2008-07-10,99.07,99.07,98.78,98.99,15740
2008-07-11,99.16,99.48,99.1,99.18,18180
2008-07-14,99.41,99.78,99.33,99.44,33650
2008-07-15,99.42,99.59,99.42,99.46,101620
2008-07-16,99.5,99.66,99.42,99.48,15860
2008-07-17,99.4,99.4,99.21,99.25,127620
2008-07-18,99.01,99.33,97.51,98.38,107000
2008-07-21,98.4,98.4,97.93,97.99,77940
2008-07-22,97.99,98.15,97.99,98.03,24550
2008-07-23,98.13,98.13,97.86,97.9,39200
2008-07-24,97.81,97.95,97.78,97.81,27130
2008-07-25,97.99,98.0,97.7,97.78,29370
2008-07-28,97.7,97.76,97.2,97.39,33580
2008-07-29,97.44,97.44,96.97,97.09,57170
2008-07-30,97.22,97.44,97.0,97.44,86780
2008-07-31,97.5,97.65,97.45,97.57,18750
2008-08-01,97.55,98.12,97.55,97.83,74400
2008-08-04,97.99,98.0,97.72,97.95,33720
2008-08-05,97.95,98.05,97.76,97.91,22670
2008-08-06,97.79,97.96,97.79,97.94,8450
2008-08-07,97.94,97.95,97.91,97.92,4920
2008-08-08,97.91,98.5,97.91,98.4,239310
2008-08-11,98.41,98.78,97.69,98.0,73900
2008-08-12,98.0,98.09,97.88,98.01,22280
2008-08-13,97.88,98.0,97.87,97.91,61290
2008-08-14,97.9,97.98,97.87,97.89,47080
2008-08-15,97.71,97.9,97.71,97.87,22590
2008-08-18,97.82,97.99,97.82,97.91,42660
2008-08-19,97.92,98.15,97.92,98.13,51030
2008-08-20,98.18,98.5,98.18,98.45,46940
2008-08-21,98.34,98.57,98.34,98.56,41920
2008-08-22,98.6,98.77,98.6,98.71,76420
2008-08-25,98.71,98.77,98.63,98.71,19680
2008-08-26,98.73,98.8,98.64,98.72,26040
2008-08-27,98.74,98.83,98.74,98.81,37630
2008-08-28,98.85,99.07,98.75,99.06,75660
2008-08-29,99.08,99.3,99.0,99.3,150390
2008-09-01,99.3,99.8,99.25,99.79,46520
2008-09-02,99.77,100.19,99.6,99.6,117350
2008-09-03,99.58,99.93,99.5,99.83,59800
2008-09-04,99.97,100.08,99.88,100.03,121180
2008-09-05,100.03,100.46,100.03,100.46,100960
2008-09-08,100.55,100.89,100.54,100.84,104070
2008-09-09,100.82,100.85,100.56,100.85,103020
2008-09-10,100.8,101.11,100.69,101.1,48510
2008-09-11,100.91,101.3,100.85,101.05,57590
2008-09-12,101.05,102.2,101.05,102.08,133050
2008-09-16,103.55,104.41,102.82,104.37,593710
2008-09-17,104.36,105.3,104.06,105.26,317240
2008-09-18,105.26,105.35,104.0,104.71,1359370
2008-09-19,104.0,105.0,103.81,104.85,246050
2008-09-22,104.01,104.88,104.01,104.65,83360
2008-09-23,104.3,104.89,104.3,104.89,404210
2008-09-24,104.9,105.5,104.9,105.49,876170
2008-09-25,105.53,105.62,105.11,105.5,77000
2008-09-26,105.4,105.8,105.4,105.68,177270
2008-10-06,105.61,105.76,105.3,105.74,97910
2008-10-07,105.8,108.03,105.8,107.82,152330
2008-10-08,107.53,110.15,107.5,110.0,915100
2008-10-09,109.9,111.15,109.11,110.82,2277090
2008-10-10,110.82,111.99,109.92,111.1,490060
2008-10-13,110.3,111.3,110.3,110.96,2838350
2008-10-14,110.77,110.88,110.35,110.78,148400
2008-10-15,110.8,111.48,110.8,111.16,184280
2008-10-16,111.16,111.3,110.91,111.15,957060
2008-10-17,111.11,111.11,110.18,110.35,148880
2008-10-20,110.35,110.35,109.07,109.13,228120
2008-10-21,108.67,110.0,108.67,109.98,186390
2008-10-22,110.0,110.0,109.52,109.56,16610
2008-10-23,109.55,109.82,109.5,109.58,92340
2008-10-24,109.42,109.79,109.4,109.63,131940
2008-10-27,109.6,110.2,109.6,110.09,806070
2008-10-28,110.1,111.2,110.1,111.17,306630
2008-10-29,110.75,111.7,110.75,111.6,153970
2008-10-30,111.7,111.7,111.3,111.47,982670
2008-10-31,111.42,111.49,111.3,111.45,15880
2008-11-03,111.41,111.41,110.87,111.1,189680
2008-11-04,111.0,111.02,110.68,110.96,501410
2008-11-05,110.82,111.01,110.8,111.0,1633860
2008-11-06,111.01,111.66,110.89,111.6,779480
2008-11-07,111.68,112.35,111.68,112.25,2787010
2008-11-10,113.0,113.0,111.4,112.5,2049380
2008-11-11,112.32,112.61,112.32,112.54,301890
2008-11-12,112.6,113.06,112.6,112.99,3454380
2008-11-13,113.0,113.18,112.72,113.11,1734140
2008-11-14,113.11,113.45,112.7,112.87,372450
2008-11-17,112.8,112.92,111.86,112.2,230410
2008-11-18,111.87,112.3,111.8,112.21,412060
2008-11-19,112.06,112.3,111.85,111.98,82540
2008-11-20,111.91,111.91,111.58,111.88,742200
2008-11-21,112.2,112.6,111.85,112.48,393840
2008-11-24,112.12,112.62,112.12,112.35,29390
2008-11-25,112.03,112.28,111.8,111.98,121550
2008-11-26,111.78,111.91,110.02,110.21,284000
2008-11-27,112.0,112.79,110.31,110.88,1761990
2008-11-28,110.89,111.32,110.89,111.19,160260
2008-12-01,111.19,111.5,110.66,110.7,636090
2008-12-02,110.79,111.0,110.5,110.75,460830
2008-12-03,110.75,110.75,110.45,110.49,1567460
2008-12-04,110.55,110.71,110.2,110.7,688880
2008-12-05,110.8,111.55,110.8,111.34,835860
2008-12-08,111.34,111.34,110.81,110.89,413330
2008-12-09,110.8,110.8,110.5,110.6,170820
2008-12-10,110.5,110.64,110.29,110.46,258140
2008-12-11,110.51,110.7,110.46,110.7,250870
2008-12-12,110.56,111.3,110.56,111.13,2238130
2008-12-15,111.11,111.15,110.6,111.03,400840
2008-12-16,110.83,112.38,110.83,111.9,301940
2008-12-17,112.22,112.9,112.19,112.89,116990
2008-12-18,112.98,112.98,112.49,112.68,285370
2008-12-19,112.44,113.2,112.44,112.95,900590
2008-12-22,112.7,112.94,112.0,112.41,262210
2008-12-23,112.5,112.98,112.24,112.91,1351580
2008-12-24,112.9,112.9,112.7,112.72,207700
2008-12-25,112.99,112.99,112.01,112.1,688180
2008-12-26,111.85,112.45,111.85,112.33,186780
2008-12-29,112.5,112.5,112.1,112.33,225100
2008-12-30,112.42,112.5,112.16,112.46,364890
2008-12-31,112.39,112.66,112.07,112.16,764960
2009-01-05,112.17,112.42,112.1,112.4,301560
2009-01-06,112.22,112.58,112.21,112.46,228690
2009-01-07,112.38,112.49,112.12,112.21,423660
2009-01-08,112.18,112.54,112.15,112.54,566610
2009-01-09,112.67,112.67,112.46,112.52,313100
2009-01-12,112.42,112.42,112.1,112.1,931740
2009-01-13,112.18,112.19,111.92,112.06,74770
2009-01-14,112.0,112.0,110.79,110.8,1002300
2009-01-15,110.8,110.8,109.8,109.81,1161170
2009-01-16,109.81,110.0,109.3,109.59,600050
2009-01-19,109.02,109.54,109.02,109.48,273080
2009-01-20,109.16,109.65,109.16,109.31,328130
2009-01-21,109.39,109.4,107.99,108.0,943950
2009-01-22,108.05,108.37,107.9,108.32,1819930
2009-01-23,108.32,109.4,108.3,109.0,1926130
2009-02-02,109.0,109.0,108.21,108.46,157550
2009-02-03,108.45,108.45,106.7,106.8,419260
2009-02-04,106.78,106.81,105.35,105.37,2047560
2009-02-05,105.35,106.0,105.31,105.96,869850
2009-02-06,105.96,106.5,105.72,106.39,203150
2009-02-09,106.35,106.76,106.0,106.7,155400
2009-02-10,106.54,106.7,106.35,106.63,454750
2009-02-11,106.6,107.56,106.55,107.51,160590
2009-02-12,107.41,108.08,107.41,108.02,1526190
2009-02-13,108.0,108.15,107.45,107.57,674500
2009-02-16,107.5,107.6,107.05,107.5,278770
2009-02-17,107.5,107.95,107.35,107.37,512980
2009-02-18,107.08,108.0,107.08,107.97,237850
2009-02-19,107.63,108.15,107.62,108.0,515890
2009-02-20,108.0,108.05,107.8,107.95,709330
2009-02-23,107.83,107.94,107.73,107.8,555520
2009-02-24,107.8,108.1,107.75,108.01,1842160
2009-02-25,108.0,108.15,107.95,107.98,858260
2009-02-26,108.0,108.2,107.95,108.0,1063160
2009-02-27,107.96,108.05,107.4,107.61,844240
2009-03-02,107.65,107.7,107.51,107.69,730570
2009-03-03,107.75,107.76,107.68,107.7,302310
2009-03-04,107.66,107.69,106.85,107.0,741140
2009-03-05,106.9,107.02,106.55,106.89,855250
2009-03-06,106.92,107.15,106.71,106.82,500900
2009-03-09,106.79,107.41,106.79,107.1,439490
2009-03-10,107.12,107.32,107.12,107.22,544740
2009-03-11,107.22,107.5,107.14,107.47,513790
2009-03-12,107.41,108.2,107.41,108.08,643180
2009-03-13,108.05,108.7,108.01,108.61,751020
2009-03-16,108.62,108.81,108.51,108.54,458670
2009-03-17,108.48,108.59,108.2,108.48,1273440
2009-03-18,108.35,108.35,107.9,107.93,613400
2009-03-19,108.0,108.0,107.85,107.91,274620
2009-03-20,107.81,107.89,107.32,107.34,746250
2009-03-23,107.3,107.34,106.98,107.34,191260
2009-03-24,107.26,107.26,107.0,107.05,243680
2009-03-25,106.85,107.3,106.85,107.1,122280
2009-03-26,107.0,107.11,107.0,107.08,83390
2009-03-27,107.05,107.05,106.2,106.41,531820
2009-03-30,106.37,106.4,106.2,106.3,119000
2009-03-31,106.3,106.5,106.25,106.32,196550
2009-04-01,106.35,106.4,106.21,106.33,256700
2009-04-02,106.3,106.38,106.18,106.25,292780
2009-04-03,106.25,106.25,105.72,105.82,392810
2009-04-07,105.84,105.84,105.65,105.73,247250
2009-04-08,105.79,105.79,105.38,105.4,181860
2009-04-09,105.36,105.45,105.25,105.28,757090
2009-04-10,105.21,105.22,104.31,104.55,550880
2009-04-13,104.55,104.55,104.0,104.4,434990
2009-04-14,104.37,104.9,104.37,104.85,1009850
2009-04-15,104.9,105.27,104.75,104.86,499740
2009-04-16,104.94,105.3,104.82,105.29,480960
2009-04-17,105.35,105.73,105.29,105.71,430360
2009-04-20,105.73,105.73,105.45,105.62,336800
2009-04-21,105.6,106.05,105.6,105.99,657060
2009-04-22,105.98,106.0,105.6,105.8,455050
2009-04-23,105.8,105.9,105.5,105.71,103900
2009-04-24,105.71,105.8,105.6,105.7,224970
2009-04-27,105.73,105.77,105.6,105.76,510560
2009-04-28,105.75,106.04,105.71,106.0,388890
2009-04-29,106.0,106.22,106.0,106.2,481860
2009-04-30,106.2,106.2,105.92,106.05,431380
2009-05-04,105.99,106.0,105.01,105.6,583050
2009-05-05,105.51,105.7,105.21,105.68,322970
2009-05-06,105.59,105.81,105.56,105.81,514880
2009-05-07,105.8,105.9,105.65,105.9,400500
2009-05-08,105.91,105.95,105.81,105.9,133390
2009-05-11,105.85,106.11,105.76,106.0,464990
2009-05-12,106.09,106.45,106.09,106.44,1202800
2009-05-13,106.36,106.55,106.36,106.44,497780
2009-05-14,106.41,106.59,106.41,106.5,241750
2009-05-15,106.51,106.72,106.5,106.71,252580
2009-05-18,106.7,107.17,106.61,107.12,264740
2009-05-19,107.03,107.3,107.03,107.25,268720
2009-05-20,107.3,107.55,107.3,107.51,384990
2009-05-21,107.6,107.85,107.42,107.46,632330
2009-05-22,107.31,107.65,107.15,107.5,689510
2009-05-25,107.54,107.54,106.85,107.05,479870
2009-05-26,107.0,107.18,107.0,107.1,99900
2009-05-27,107.1,107.12,107.02,107.12,74260
2009-06-01,107.09,107.09,106.7,106.9,342070
2009-06-02,106.76,106.96,106.0,106.6,207220
2009-06-03,106.63,106.63,106.41,106.49,166760
2009-06-04,106.49,106.49,106.3,106.47,338220
2009-06-05,106.24,106.49,106.24,106.49,224470
2009-06-08,106.32,106.45,106.2,106.23,62860
2009-06-09,106.2,106.2,105.9,105.99,161580
2009-06-10,105.99,105.99,105.65,105.72,323020
2009-06-11,105.7,105.73,105.6,105.73,92240
2009-06-12,105.65,106.0,105.6,105.91,76060
2009-06-15,105.99,105.99,105.75,105.8,62350
2009-06-16,105.8,106.05,105.75,106.05,233340
2009-06-17,105.97,106.26,105.95,106.17,215530
2009-06-18,106.19,106.19,105.98,106.05,145640
2009-06-19,105.9,106.04,105.9,105.99,150090
2009-06-22,105.95,105.95,105.66,105.7,61500
2009-06-23,105.74,105.79,105.39,105.42,225570
2009-06-24,105.31,105.45,104.9,104.99,396570
2009-06-25,104.86,105.19,104.8,105.13,197280
2009-06-26,105.06,105.15,104.9,104.95,525000
2009-06-29,104.95,105.04,104.95,105.01,253710
2009-06-30,105.05,105.5,105.0,105.47,278360
2009-07-01,105.41,105.41,105.14,105.26,369940
2009-07-02,105.3,105.3,104.95,105.0,181270
2009-07-03,105.05,105.05,104.9,105.0,110110
2009-07-06,104.9,105.0,104.9,104.99,64630
2009-07-07,105.0,105.15,104.98,105.0,184150
2009-07-08,105.0,105.05,104.92,105.0,111730
2009-07-09,104.96,105.05,104.93,104.99,54780
2009-07-10,105.0,105.0,104.6,104.65,198140
2009-07-13,104.51,104.59,104.15,104.19,112310
2009-07-14,104.19,104.2,103.88,103.99,343210
2009-07-15,103.99,103.99,103.6,103.66,382890
2009-07-16,103.67,103.75,103.55,103.64,402250
2009-07-17,103.61,103.61,103.45,103.54,179110
2009-07-20,103.5,103.51,103.31,103.33,695480
2009-07-21,103.31,103.49,103.06,103.4,262570
2009-07-22,103.21,103.64,103.06,103.63,211290
2009-07-23,103.33,104.17,103.33,103.97,216330
2009-07-24,104.0,104.0,103.55,103.72,292460
2009-07-27,103.71,103.75,103.57,103.65,109690
2009-07-28,103.6,103.65,103.16,103.2,188520
2009-07-29,103.25,103.25,103.03,103.04,257670
2009-07-30,103.0,103.0,102.4,102.57,206970
2009-07-31,102.56,102.56,102.1,102.15,464730
2009-08-03,102.15,102.25,101.7,101.72,516230
2009-08-04,101.6,101.6,101.25,101.44,344180
2009-08-05,101.62,102.4,101.42,102.36,130430
2009-08-06,102.35,102.8,102.35,102.64,198550
2009-08-07,102.6,104.0,102.6,103.45,500680
2009-08-10,103.16,103.45,103.1,103.27,336100
2009-08-11,103.24,103.55,103.24,103.5,185680
2009-08-12,103.5,103.61,103.5,103.56,127820
2009-08-13,103.56,103.6,103.52,103.55,67430
2009-08-14,103.55,103.6,103.35,103.39,141110
2009-08-17,103.33,103.52,103.33,103.35,180140
2009-08-18,103.4,103.4,103.0,103.26,215960
2009-08-19,103.06,103.5,103.06,103.5,243290
2009-08-20,103.45,103.75,103.37,103.58,158420
2009-08-21,103.53,103.95,103.5,103.94,156000
2009-08-24,103.9,104.25,103.75,104.21,225940
2009-08-25,104.11,104.29,103.71,104.22,372240
2009-08-26,104.11,104.16,103.95,104.1,378750
2009-08-27,104.15,104.2,103.91,104.03,393080
2009-08-28,104.0,104.24,103.95,104.22,612220
2009-08-31,104.24,104.57,104.0,104.47,461750
2009-09-01,104.32,104.55,104.32,104.5,414710
2009-09-02,104.45,104.49,104.28,104.39,339710
2009-09-03,104.38,104.68,104.0,104.65,162830
2009-09-04,104.65,104.65,104.4,104.47,131300
2009-09-07,104.4,104.45,104.05,104.3,225430
2009-09-08,104.15,104.25,104.1,104.2,103900
2009-09-09,104.16,104.2,104.0,104.1,560230
2009-09-10,104.14,104.14,103.5,103.7,468490
2009-09-11,103.7,103.98,103.65,103.81,173730
2009-09-14,103.75,103.84,103.51,103.7,487410
2009-09-15,103.65,103.73,103.65,103.71,60130
2009-09-16,103.68,103.85,103.68,103.82,23150
2009-09-17,103.79,103.88,103.69,103.69,445060
2009-09-18,103.7,103.71,103.65,103.7,24380
2009-09-21,103.7,103.8,103.65,103.7,84900
2009-09-22,103.66,103.71,103.6,103.68,311570
2009-09-23,103.57,103.66,103.57,103.63,233400
2009-09-24,103.64,103.64,103.45,103.51,211090
2009-09-25,103.45,103.6,103.3,103.54,354310
2009-09-28,103.54,104.15,103.46,104.15,109650
2009-09-29,104.15,104.2,103.86,104.12,98860
2009-09-30,104.12,104.37,104.01,104.1,179360
2009-10-09,104.0,104.0,103.75,103.81,357580
2009-10-12,103.7,103.7,103.35,103.51,809680
2009-10-13,103.5,103.59,103.35,103.39,188020
2009-10-14,103.48,103.48,103.36,103.39,22620
2009-10-15,103.39,103.42,103.25,103.25,365960
2009-10-16,103.3,103.3,103.24,103.25,48600
2009-10-19,103.3,103.3,103.0,103.09,76460
2009-10-20,103.05,103.17,103.04,103.09,94680
2009-10-21,103.1,103.1,102.65,102.8,140620
2009-10-22,102.8,103.05,102.65,103.05,303790
2009-10-23,103.1,103.1,102.94,103.06,203430
2009-10-26,103.1,103.1,103.0,103.07,68150
2009-10-27,103.09,103.28,103.01,103.2,191530
2009-10-28,103.12,103.35,103.0,103.3,320500
2009-10-29,103.29,103.42,103.22,103.4,186390
2009-10-30,103.32,103.51,103.18,103.43,84580
2009-11-02,103.48,103.5,103.18,103.25,51970
2009-11-03,103.09,103.22,103.05,103.14,43060
2009-11-04,103.02,103.09,102.8,103.01,193130
2009-11-05,102.87,103.1,102.87,103.09,26490
2009-11-06,103.09,103.13,103.06,103.12,35620
2009-11-09,103.08,103.08,102.9,103.0,37120
2009-11-10,102.95,102.99,102.88,102.93,21000
2009-11-11,102.94,103.0,102.89,102.94,16310
2009-11-12,102.91,102.96,102.9,102.96,30140
2009-11-13,102.98,103.26,102.96,103.22,116040
2009-11-16,103.22,103.25,103.07,103.12,31040
2009-11-17,103.0,103.22,103.0,103.16,162850
2009-11-18,103.06,103.24,103.06,103.24,396280
2009-11-19,103.24,103.5,103.2,103.49,77400
2009-11-20,103.41,103.6,103.4,103.51,32980
2009-11-23,103.55,103.58,103.45,103.48,197440
2009-11-24,103.41,103.85,103.41,103.81,564370
2009-11-25,103.7,103.83,103.7,103.76,640190
2009-11-26,103.8,103.9,103.77,103.85,168730
2009-11-27,103.75,104.03,103.75,103.97,219450
2009-11-30,103.97,104.0,103.55,103.64,106710
2009-12-01,103.61,103.62,103.3,103.54,101010
2009-12-02,103.5,103.54,103.46,103.46,19700
2009-12-03,103.54,103.8,103.46,103.69,86280
2009-12-04,103.74,103.79,103.56,103.7,108520
2009-12-07,103.51,103.75,103.5,103.65,145940
2009-12-08,103.65,103.75,103.61,103.75,19990
2009-12-09,103.71,103.84,103.67,103.8,111970
2009-12-10,103.83,103.97,103.75,103.87,79640
2009-12-11,103.86,103.92,103.85,103.88,37940
2009-12-14,103.82,103.9,103.82,103.85,43070
2009-12-15,103.85,103.91,103.75,103.85,21070
2009-12-16,103.8,103.84,103.75,103.83,11840
2009-12-17,103.79,103.8,103.7,103.77,24720
2009-12-18,103.78,103.83,103.75,103.76,86860
2009-12-21,103.71,103.76,103.65,103.65,73830
2009-12-22,103.56,103.7,103.55,103.64,296250
2009-12-23,103.61,103.73,103.61,103.73,187290
2009-12-24,103.66,103.8,103.66,103.8,119380
2009-12-25,103.8,103.8,103.73,103.79,9100
2009-12-28,103.71,103.8,103.7,103.8,279840
2009-12-29,103.71,103.8,103.71,103.79,122860
2009-12-30,103.76,103.76,103.5,103.62,42300
2009-12-31,103.57,103.69,103.57,103.62,175950
2010-01-04,103.47,103.58,103.4,103.45,103590
2010-01-05,103.45,103.52,103.42,103.45,205770
2010-01-06,103.45,103.6,103.45,103.46,258510
2010-01-07,103.42,103.6,103.35,103.42,286620
2010-01-08,103.43,103.43,103.34,103.35,110630
2010-01-11,103.31,103.43,103.3,103.38,46390
2010-01-12,103.31,103.42,103.31,103.4,16060
2010-01-13,103.38,103.4,103.33,103.35,58190
2010-01-14,103.33,103.4,103.32,103.4,92700
2010-01-15,103.3,103.44,103.3,103.39,267860
2010-01-18,103.35,103.44,103.31,103.34,95500
2010-01-19,103.4,103.5,103.22,103.4,249260
2010-01-20,103.32,103.55,103.3,103.5,122890
2010-01-21,103.4,103.51,103.36,103.51,338500
2010-01-22,103.51,104.05,103.41,103.9,496600
2010-01-25,103.69,103.95,103.65,103.95,142060
2010-01-26,103.95,103.98,103.82,103.87,48280
2010-01-27,103.87,104.3,103.65,104.3,57390
2010-01-28,104.21,104.47,104.21,104.37,90820
2010-01-29,104.31,104.4,104.3,104.36,17410
2010-02-01,104.31,104.89,104.31,104.8,95990
2010-02-02,104.75,104.8,104.51,104.75,59300
2010-02-03,104.8,105.0,104.63,104.75,131270
2010-02-04,104.75,105.1,104.75,105.0,104120
2010-02-05,105.0,105.95,105.0,105.8,360410
2010-02-08,105.68,106.04,105.11,105.96,551390
2010-02-09,105.99,106.1,105.8,105.87,261770
2010-02-10,105.9,106.0,105.31,105.4,376910
2010-02-11,105.3,105.5,105.1,105.4,470590
2010-02-12,105.44,105.54,105.4,105.5,174630
2010-02-22,105.44,105.44,104.6,105.29,79940
2010-02-23,105.06,105.4,105.06,105.22,205430
2010-02-24,105.22,105.3,104.95,105.22,453110
2010-02-25,105.17,105.17,105.0,105.15,344680
2010-02-26,105.15,105.55,105.15,105.42,1401480
2010-03-01,105.39,105.55,105.3,105.49,270940
2010-03-02,105.37,105.85,105.37,105.8,139660
2010-03-03,105.9,105.9,105.75,105.84,2068810
2010-03-04,105.72,105.85,105.7,105.78,309710
2010-03-05,105.78,105.85,105.76,105.8,1045970
2010-03-08,105.76,105.81,105.7,105.8,642180
2010-03-09,105.8,105.85,105.65,105.7,1150380
2010-03-10,105.66,105.7,105.6,105.7,384340
2010-03-11,105.67,105.75,105.6,105.71,432190
2010-03-12,105.75,105.75,105.61,105.7,238630
2010-03-15,105.7,105.71,105.62,105.63,523710
2010-03-16,105.6,105.85,105.6,105.85,430510
2010-03-17,105.9,106.1,105.9,106.0,190880
2010-03-18,105.96,106.55,105.96,106.36,243540
2010-03-19,106.46,106.46,106.3,106.33,136940
2010-03-22,106.21,106.3,106.01,106.2,129770
2010-03-23,106.04,106.39,106.04,106.34,99240
2010-03-24,106.14,106.5,106.1,106.21,197500
2010-03-25,106.24,106.25,106.1,106.16,385500
2010-03-26,106.13,106.19,106.12,106.17,519010
2010-03-29,106.12,106.16,105.85,105.86,452720
2010-03-30,105.71,105.89,105.6,105.7,432730
2010-03-31,105.55,105.7,105.55,105.69,282460
2010-04-01,105.66,105.75,105.62,105.65,26480
2010-04-02,105.63,105.68,105.51,105.66,188740
2010-04-06,105.6,105.6,105.45,105.5,280430
2010-04-07,105.55,105.55,105.0,105.29,738330
2010-04-08,105.3,105.3,105.07,105.1,191880
2010-04-09,105.1,105.25,105.1,105.25,42550
2010-04-12,105.12,105.24,105.1,105.21,28160
2010-04-13,105.12,105.54,105.11,105.5,92640
2010-04-14,105.5,105.64,105.01,105.6,107240
2010-04-15,105.25,105.63,105.25,105.57,13330
2010-04-16,105.4,105.7,105.38,105.68,69880
2010-04-19,105.65,106.1,105.65,106.05,113990
2010-04-20,106.0,106.25,105.6,106.12,89440
2010-04-21,106.01,106.2,106.0,106.1,50000
2010-04-22,106.15,106.22,106.04,106.22,38900
2010-04-23,106.24,106.3,106.12,106.25,1273630
2010-04-26,106.01,106.4,106.01,106.35,193150
2010-04-27,106.35,106.4,106.25,106.35,642770
2010-04-28,106.25,106.88,106.25,106.65,955000
2010-04-29,106.6,107.0,106.43,106.99,141850
2010-04-30,106.99,107.0,106.05,106.65,142220
2010-05-04,106.4,106.6,106.4,106.47,214060
2010-05-05,106.47,106.7,106.41,106.55,202770
2010-05-06,106.6,106.65,106.45,106.63,80860
2010-05-07,106.64,107.6,106.63,107.54,1002730
2010-05-10,107.54,107.54,107.3,107.41,57190
2010-05-11,107.2,107.8,107.1,107.71,177870
2010-05-12,107.61,108.05,107.51,108.0,498400
2010-05-13,107.91,108.0,107.8,107.86,1346470
2010-05-14,107.8,107.99,107.8,107.96,972590
2010-05-17,107.95,108.37,107.8,108.31,348740
2010-05-18,108.22,108.9,108.21,108.5,977600
2010-05-19,108.34,108.91,108.32,108.9,345730
2010-05-20,109.0,109.0,108.7,108.71,225850
2010-05-21,108.54,108.87,108.3,108.3,235700
2010-05-24,108.11,108.23,107.85,108.09,270130
2010-05-25,108.0,108.5,108.0,108.48,78190
2010-05-26,108.45,108.45,108.25,108.3,144850
2010-05-27,108.3,108.35,108.1,108.11,439750
2010-05-28,107.9,108.3,107.7,108.2,166040
2010-05-31,108.2,108.25,108.12,108.2,53260
2010-06-01,108.19,108.21,107.81,107.85,196120
2010-06-02,107.9,108.04,107.74,108.0,4007110
2010-06-03,107.8,108.25,107.8,108.24,5849240
2010-06-04,108.25,108.25,108.15,108.24,5650660
2010-06-07,108.25,108.25,108.01,108.2,1298140
2010-06-08,108.15,108.19,108.01,108.17,31270
2010-06-09,108.04,108.15,107.7,107.9,259360
2010-06-10,107.8,107.9,107.5,107.65,243750
2010-06-11,107.7,107.7,107.46,107.63,354790
2010-06-17,107.61,107.61,107.3,107.45,119350
2010-06-18,107.26,107.69,107.26,107.45,622850
2010-06-21,107.45,107.59,107.28,107.51,38030
2010-06-22,107.5,107.6,107.5,107.6,23100
2010-06-24,107.62,107.63,107.5,107.54,364150
2010-06-25,107.88,107.88,107.46,107.5,423190
2010-06-28,107.68,107.7,107.49,107.7,1070470
2010-06-29,107.7,108.25,107.7,108.15,3028560
2010-06-30,109.0,109.0,108.27,108.45,1983550
2010-07-01,108.29,108.5,108.29,108.44,1529860
2010-07-02,108.31,108.6,108.3,108.49,2371390
2010-07-05,108.48,108.5,108.35,108.4,480870
2010-07-06,108.35,108.45,108.31,108.45,170860
2010-07-07,108.48,108.79,108.45,108.69,251460
2010-07-08,108.69,108.75,108.54,108.69,1336590
2010-07-09,108.59,108.8,108.35,108.48,345150
2010-07-12,108.39,108.5,108.38,108.45,211990
2010-07-13,108.5,108.8,108.25,108.55,1847490
2010-07-14,108.48,108.8,108.46,108.69,815120
2010-07-15,108.69,108.79,108.69,108.75,552020
2010-07-16,108.79,109.02,108.72,109.0,1081560
2010-07-19,108.95,109.0,108.8,108.83,399930
2010-07-20,108.73,108.85,108.6,108.6,972370
2010-07-21,108.41,108.63,108.41,108.63,384990
2010-07-22,108.63,108.65,108.5,108.56,164670
2010-07-23,108.45,108.57,108.42,108.45,422930
2010-07-26,108.44,108.44,108.3,108.33,426460
2010-07-27,108.37,108.4,108.25,108.33,1334300
2010-07-28,108.3,108.4,108.26,108.29,634390
2010-07-29,108.26,108.26,108.19,108.19,404770
2010-07-30,108.17,108.24,108.08,108.13,1150670
2010-08-02,108.0,108.13,108.0,108.13,137030
2010-08-03,108.13,108.13,107.8,107.95,623320
2010-08-04,107.86,108.12,107.85,108.02,1255800
2010-08-05,108.01,108.16,108.01,108.13,3706960
2010-08-06,108.11,108.36,108.11,108.24,1853680
2010-08-09,108.15,108.3,108.13,108.29,74680
2010-08-10,108.18,108.34,108.18,108.3,578470
2010-08-11,108.3,108.39,108.3,108.33,729660
2010-08-12,108.39,108.55,108.35,108.51,2892510
2010-08-13,108.5,108.55,108.46,108.5,1488280
2010-08-16,108.5,108.55,108.3,108.45,670020
2010-08-17,108.45,108.45,108.3,108.4,902080
2010-08-18,108.4,108.42,108.37,108.4,521410
2010-08-19,108.4,108.44,108.38,108.4,305660
2010-08-20,108.38,108.42,108.36,108.41,366200
2010-08-23,108.4,108.55,108.35,108.42,353420
2010-08-24,108.45,108.55,108.36,108.48,307660
2010-08-25,108.55,108.6,108.43,108.55,765140
2010-08-26,108.55,108.6,108.5,108.55,109710
2010-08-27,108.51,108.54,108.3,108.36,747820
2010-08-30,108.03,108.3,107.0,108.15,213320
2010-08-31,108.06,108.45,108.06,108.25,263980
2010-09-01,108.2,108.35,108.16,108.3,621150
2010-09-02,108.2,108.38,108.2,108.38,254780
2010-09-03,108.26,108.48,108.26,108.4,254450
2010-09-06,108.4,108.4,108.2,108.37,330540
2010-09-07,108.26,108.4,108.23,108.3,583730
2010-09-08,108.27,108.35,108.25,108.3,393780
2010-09-09,108.3,108.3,108.22,108.23,397850
2010-09-10,108.25,108.25,108.15,108.16,1561330
2010-09-13,108.2,108.2,107.49,107.59,1597730
2010-09-14,107.55,107.59,107.35,107.51,407820
2010-09-15,107.51,107.66,107.45,107.5,264410
2010-09-16,107.45,107.46,107.3,107.41,189640
2010-09-17,107.5,107.5,107.4,107.4,17620
2010-09-20,107.45,107.55,107.1,107.41,385490
2010-09-21,107.45,107.45,107.21,107.26,158470
2010-09-27,107.25,107.26,106.9,107.19,427390
2010-09-28,107.1,107.13,107.04,107.1,42860
2010-09-29,107.06,107.21,106.98,107.2,203370
2010-09-30,107.2,107.28,107.2,107.28,1002190
2010-10-08,107.12,107.21,107.05,107.15,57000
2010-10-11,107.18,107.2,106.62,106.64,777330
2010-10-12,106.59,106.72,106.5,106.59,2364580
2010-10-13,106.55,106.8,106.5,106.75,72210
2010-10-14,106.55,106.69,106.32,106.35,242110
2010-10-15,106.39,106.4,106.19,106.2,62760
2010-10-18,106.2,106.2,105.89,106.06,2474150
2010-10-19,106.05,106.1,105.9,105.95,266090
2010-10-20,105.92,105.92,104.88,104.9,352000
2010-10-21,104.88,104.88,104.6,104.75,1185360
2010-10-22,104.62,104.9,104.6,104.9,738650
2010-10-25,104.9,104.9,104.58,104.63,403340
2010-10-26,104.6,104.79,104.52,104.68,534390
2010-10-27,104.66,105.01,104.66,105.0,925060
2010-10-28,104.9,105.01,104.82,104.98,405760
2010-10-29,104.81,105.1,104.81,105.1,343800
2010-11-01,105.0,105.05,104.9,104.99,109090
2010-11-02,104.89,104.9,104.68,104.8,499500
2010-11-03,104.8,104.8,104.45,104.6,226800
2010-11-04,104.5,104.5,103.95,104.3,1231270
2010-11-05,104.02,104.05,103.9,103.9,204310
2010-11-08,103.8,103.8,102.86,102.87,785600
2010-11-09,102.87,103.22,102.8,103.1,1389220
2010-11-10,103.14,103.14,102.7,102.7,613910
2010-11-11,102.75,102.75,102.6,102.75,539200
2010-11-12,102.74,102.8,102.6,102.74,388880
2010-11-15,102.62,102.8,102.25,102.8,266650
2010-11-16,102.81,103.68,102.73,103.64,647700
2010-11-17,103.64,104.09,103.14,104.0,413910
2010-11-18,103.8,104.2,103.8,103.92,211750
2010-11-19,103.77,103.77,103.39,103.7,1218530
2010-11-22,103.7,103.7,102.75,102.75,215660
2010-11-23,102.75,102.79,102.1,102.1,1279950
2010-11-24,102.1,102.15,101.0,101.5,685100
2010-11-25,101.47,101.75,101.2,101.75,145240
2010-11-26,101.81,101.88,101.6,101.77,415290
2010-11-29,101.65,102.0,101.65,101.99,154110
2010-11-30,102.03,102.04,101.85,101.96,1322570
2010-12-01,101.99,102.2,101.9,102.15,4318740
2010-12-02,102.22,102.7,102.2,102.69,732280
2010-12-03,102.69,103.25,102.56,102.85,820250
2010-12-06,102.9,102.9,102.6,102.7,599300
2010-12-07,102.6,102.9,102.6,102.81,528970
2010-12-08,102.61,102.82,102.29,102.29,803320
2010-12-09,102.15,102.33,102.1,102.21,283440
2010-12-10,102.1,102.3,102.01,102.2,311240
2010-12-13,102.29,102.67,102.29,102.64,260570
2010-12-14,102.6,102.6,102.37,102.46,109270
2010-12-15,102.53,102.95,102.5,102.91,252630
2010-12-16,102.76,102.89,102.6,102.75,110540
2010-12-17,102.75,102.8,102.68,102.75,333860
2010-12-20,102.8,103.08,102.77,102.9,1088800
2010-12-21,102.9,102.9,102.66,102.85,325330
2010-12-22,102.8,102.81,102.62,102.65,338720
2010-12-23,102.53,102.65,102.47,102.5,184140
2010-12-24,102.42,102.42,102.12,102.4,1042060
2010-12-27,102.21,102.39,102.0,102.2,364450
2010-12-28,102.12,102.2,102.04,102.05,517560
2010-12-29,102.15,102.36,101.98,102.36,375490
2010-12-30,102.17,102.51,102.17,102.49,520810
2010-12-31,102.49,102.55,102.45,102.5,197270
2011-01-04,102.39,102.44,102.21,102.44,161800
2011-01-05,102.38,102.59,102.38,102.55,453430
2011-01-06,102.51,102.91,102.51,102.8,509080
2011-01-07,102.69,102.89,102.65,102.87,592060
2011-01-10,102.87,103.0,102.87,102.96,312410
2011-01-11,103.0,103.0,102.8,102.81,718320
2011-01-12,102.85,102.9,102.72,102.8,343710
2011-01-13,102.75,102.91,102.56,102.77,1174250
2011-01-14,102.82,102.82,102.6,102.66,508360
2011-01-17,102.51,102.6,102.44,102.45,21870
2011-01-18,102.33,102.49,102.33,102.38,76200
2011-01-19,102.38,102.55,102.36,102.53,130610
2011-01-20,102.59,102.59,102.36,102.42,58480
2011-01-21,102.42,102.42,102.32,102.42,56110
2011-01-24,102.38,102.41,102.23,102.24,19950
2011-01-25,102.22,102.32,102.2,102.3,14610
2011-01-26,102.22,102.45,102.22,102.44,663260
2011-01-27,102.38,102.56,102.38,102.49,777470
2011-01-28,102.5,102.5,102.28,102.38,122700
2011-01-31,102.38,102.49,102.3,102.49,317010
2011-02-01,102.5,102.52,102.4,102.48,96050
2011-02-09,102.42,102.45,102.05,102.08,61210
2011-02-10,101.95,102.05,101.9,102.03,141570
2011-02-11,102.05,102.15,101.99,102.1,152710
2011-02-14,102.1,102.26,102.03,102.14,292750
2011-02-15,102.15,102.19,102.06,102.17,512240
2011-02-16,102.09,102.16,102.05,102.07,413540
2011-02-17,102.02,102.07,101.9,102.03,418840
2011-02-18,101.92,102.07,101.92,102.07,97020
2011-02-21,102.05,102.05,101.87,101.95,90340
2011-02-22,101.9,101.97,101.87,101.9,19110
2011-02-23,101.82,102.05,101.81,102.0,79370
2011-02-24,102.0,102.45,102.0,102.43,779830
2011-02-25,102.47,102.49,102.24,102.34,280520
2011-02-28,102.27,102.47,102.27,102.47,349880
2011-03-01,102.33,102.55,102.33,102.51,997590
2011-03-02,102.5,102.55,102.45,102.5,937020
2011-03-03,102.5,102.58,102.41,102.45,126050
2011-03-04,102.39,102.49,102.32,102.49,32060
2011-03-07,102.5,102.51,102.31,102.5,493970
2011-03-08,102.41,102.52,102.35,102.51,113850
2011-03-09,102.46,102.71,102.42,102.71,116660
2011-03-10,102.72,103.08,102.72,102.76,1013470
2011-03-11,102.74,102.75,102.52,102.67,531920
2011-03-14,102.6,102.67,102.5,102.67,170990
2011-03-15,102.52,102.9,102.51,102.89,561290
2011-03-16,102.81,103.45,102.81,103.4,1693590
2011-03-17,103.3,103.52,103.29,103.5,282480
2011-03-18,103.42,104.05,103.3,104.0,413820
2011-03-21,103.63,104.0,103.63,103.85,1642530
2011-03-22,103.86,103.9,103.7,103.72,427800
2011-03-23,103.72,103.74,103.52,103.7,316850
2011-03-24,103.61,103.73,103.6,103.65,1338260
2011-03-25,103.47,103.64,103.41,103.57,114510
2011-03-28,103.5,103.65,103.4,103.62,288250
2011-03-29,103.45,103.65,103.42,103.61,336460
2011-03-30,103.57,103.64,103.52,103.63,302800
2011-03-31,103.6,103.64,103.55,103.64,61510
2011-04-01,103.56,103.85,103.55,103.84,124640
2011-04-06,103.66,103.88,103.66,103.88,88670
2011-04-07,103.88,104.04,103.76,103.83,460770
2011-04-08,103.8,103.82,103.77,103.82,14290
2011-04-11,103.75,103.8,103.75,103.77,34480
2011-04-12,103.77,103.79,103.65,103.67,64260
2011-04-13,103.61,103.64,103.55,103.64,268850
2011-04-14,103.61,103.7,103.6,103.61,819430
2011-04-15,103.61,103.61,103.54,103.57,117720
2011-04-18,103.57,103.57,103.42,103.51,83680
2011-04-19,103.5,103.5,103.43,103.49,95830
2011-04-20,103.49,103.5,103.4,103.5,50930
2011-04-21,103.37,103.45,103.35,103.45,218560
2011-04-22,103.49,103.5,103.43,103.46,33000
2011-04-25,103.4,103.49,103.4,103.44,48210
2011-04-26,103.4,103.42,103.21,103.25,177670
2011-04-27,103.29,103.35,103.22,103.35,19480
2011-04-28,103.39,103.4,103.32,103.37,22180
2011-04-29,103.39,103.57,103.39,103.54,228020
2011-05-03,103.55,103.55,103.45,103.5,58430
2011-05-04,103.5,103.75,103.5,103.73,262650
2011-05-05,103.73,103.8,103.65,103.78,103420
2011-05-06,103.87,104.3,103.84,104.29,706170
2011-05-09,104.2,104.33,104.2,104.3,853330
2011-05-10,104.33,104.33,104.15,104.2,144840
2011-05-11,104.1,104.43,104.06,104.33,261700
2011-05-12,104.4,104.65,104.33,104.6,218720
2011-05-13,104.3,104.54,104.3,104.31,149380
2011-05-16,104.38,104.38,104.15,104.25,60040
2011-05-17,104.25,104.25,103.96,103.97,229150
2011-05-18,104.0,104.02,103.95,103.95,124220
2011-05-19,103.95,104.0,103.91,103.96,124210
2011-05-20,103.99,103.99,103.86,103.88,283800
2011-05-23,103.95,103.98,103.82,103.84,153400
2011-05-24,103.8,103.91,103.8,103.9,23620
2011-05-25,103.82,103.9,103.82,103.82,60690
2011-05-26,103.82,103.88,103.81,103.88,24270
2011-05-27,103.88,103.9,103.8,103.85,93470
2011-05-30,103.79,103.85,103.75,103.77,220580
2011-05-31,103.8,103.8,103.45,103.5,268900
2011-06-01,103.46,103.5,103.33,103.48,214240
2011-06-02,103.41,103.5,103.35,103.5,31920
2011-06-03,103.46,103.62,103.46,103.61,19180
2011-06-07,103.6,103.62,103.42,103.5,53800
2011-06-08,103.4,103.45,103.3,103.34,75620
2011-06-09,103.28,103.4,103.28,103.36,39290
2011-06-10,103.36,103.39,103.36,103.37,40790
2011-06-13,103.3,103.36,103.13,103.28,57290
2011-06-14,103.29,103.32,103.16,103.32,32070
2011-06-15,103.19,103.29,102.9,102.93,331260
2011-06-16,102.82,102.82,102.55,102.57,300430
2011-06-17,102.52,102.64,102.5,102.56,108420
2011-06-20,102.62,102.7,102.55,102.7,75450
2011-06-21,102.64,102.75,102.64,102.66,165190
2011-06-22,102.56,102.75,102.55,102.75,234760
2011-06-23,102.83,102.86,102.73,102.8,24050
2011-06-24,102.84,102.95,102.84,102.9,103160
2011-06-27,102.8,103.05,102.76,103.05,96410
2011-06-28,103.0,103.04,102.95,102.99,20150
2011-06-29,102.99,103.09,102.9,103.06,28180
2011-06-30,102.96,103.05,102.81,103.0,113470
2011-07-01,103.0,103.05,102.98,103.04,13840
2011-07-04,102.98,103.0,102.9,102.96,155660
2011-07-05,102.85,102.99,102.85,102.91,18240
2011-07-06,102.9,102.9,102.66,102.78,46220
2011-07-07,102.57,102.8,102.52,102.55,512020
2011-07-08,102.55,102.75,102.55,102.65,644770
2011-07-11,102.65,102.7,102.55,102.7,240360
2011-07-12,102.65,102.85,102.65,102.85,651670
2011-07-13,102.83,102.84,102.76,102.84,67860
2011-07-14,102.74,102.8,102.73,102.75,17680
2011-07-15,102.75,102.77,102.65,102.72,150710
2011-07-18,102.6,102.65,102.36,102.44,562040
2011-07-19,102.45,102.45,102.3,102.35,108980
2011-07-20,102.19,102.34,102.0,102.05,384930
2011-07-21,102.1,102.1,101.8,101.81,135990
2011-07-22,101.94,101.94,101.81,101.9,7350
2011-07-25,101.89,102.05,101.89,101.89,360630
2011-07-26,101.96,102.05,101.89,102.03,283210
2011-07-27,101.85,102.05,101.85,102.02,254720
2011-07-28,101.9,102.02,101.9,102.02,42120
2011-07-29,101.91,102.08,101.91,102.08,68810
2011-08-01,102.01,102.08,102.01,102.03,248950
2011-08-02,102.15,102.15,101.81,102.07,19600
2011-08-03,102.07,102.08,101.93,102.0,239120
2011-08-04,101.82,102.04,101.72,102.0,122520
2011-08-05,102.05,102.6,102.05,102.59,324820
2011-08-08,102.58,102.81,102.51,102.66,288350
2011-08-09,102.81,103.2,102.2,103.13,735150
2011-08-10,102.88,103.07,102.88,102.97,80860
2011-08-11,103.02,103.24,102.95,103.15,420950
2011-08-12,103.15,103.24,103.06,103.1,136180
2011-08-15,103.0,103.1,102.82,103.05,328000
2011-08-16,102.93,103.12,102.93,103.01,462750
2011-08-17,102.96,103.0,102.89,102.96,881810
2011-08-18,102.87,102.89,102.7,102.72,53370
2011-08-19,102.61,103.11,102.61,103.0,672460
2011-08-22,103.0,103.25,102.95,103.21,82780
2011-08-23,103.2,103.25,103.05,103.12,42650
2011-08-24,103.11,103.11,103.01,103.05,291610
2011-08-25,102.99,103.04,102.99,103.03,239590
2011-08-26,103.03,103.1,102.97,103.04,59310
2011-08-29,102.92,102.92,102.32,102.37,599340
2011-08-30,102.6,102.6,101.95,102.09,319860
2011-08-31,102.09,102.1,102.03,102.05,31110
2011-09-01,102.1,102.29,102.0,102.25,67600
2011-09-02,102.3,102.35,102.22,102.33,37510
2011-09-05,102.11,102.33,101.95,102.33,350310
2011-09-06,102.3,102.75,102.3,102.75,301970
2011-09-07,102.63,102.75,102.55,102.75,293830
2011-09-08,102.55,102.8,102.55,102.8,346580
2011-09-09,102.71,102.93,102.71,102.93,133070
2011-09-13,103.07,103.07,102.1,103.0,511930
2011-09-14,102.81,103.15,102.81,103.15,830360
2011-09-15,103.15,103.2,103.0,103.09,19920
2011-09-16,103.02,103.15,103.02,103.1,303990
2011-09-19,103.11,103.2,103.0,103.1,640640
2011-09-20,103.05,103.1,102.9,103.0,160300
2011-09-21,102.86,102.97,102.66,102.88,401270
2011-09-22,102.88,102.9,102.65,102.86,1274470
2011-09-23,102.81,103.3,102.81,103.26,375570
2011-09-26,103.26,103.65,103.26,103.62,585350
2011-09-27,103.57,103.76,103.45,103.71,432380
2011-09-28,103.6,103.78,103.56,103.78,538200
2011-09-29,103.76,103.93,103.76,103.79,168250
2011-09-30,103.76,104.0,103.76,103.97,554060
2011-10-10,103.5,104.6,103.5,104.59,1469860
2011-10-11,104.21,104.9,104.21,104.8,568690
2011-10-12,104.8,104.86,104.43,104.54,1015320
2011-10-13,104.66,104.66,104.2,104.4,419270
2011-10-14,104.4,105.05,104.35,104.9,969430
2011-10-17,104.52,104.96,104.45,104.75,611140
2011-10-18,104.65,105.02,104.65,104.98,455670
2011-10-19,104.7,105.35,104.7,105.32,655320
2011-10-20,105.35,105.7,105.25,105.65,1001720
2011-10-21,105.61,106.02,105.61,105.8,1393510
2011-10-24,105.8,105.88,105.4,105.5,648390
2011-10-25,105.45,105.5,105.05,105.05,716940
2011-10-26,105.11,105.48,105.0,105.16,701850
2011-10-27,105.0,105.18,105.0,105.05,564840
2011-10-28,104.94,105.0,104.6,104.92,104660
2011-10-31,104.9,105.4,104.8,105.4,314410
2011-11-01,105.45,105.58,105.31,105.4,244930
2011-11-02,105.56,105.69,105.1,105.11,759730
2011-11-03,105.11,105.3,104.9,105.29,608310
2011-11-04,105.28,105.28,105.11,105.15,354410
2011-11-07,105.1,105.25,105.1,105.2,53210
2011-11-08,105.23,105.4,105.2,105.35,114290
2011-11-09,105.33,105.55,105.33,105.55,179460
2011-11-10,105.7,106.05,105.66,106.05,581270
2011-11-11,105.89,106.3,105.89,106.25,397640
2011-11-14,106.22,106.22,105.9,106.12,421310
2011-11-15,106.02,106.2,105.85,106.05,1121240
2011-11-16,105.95,106.1,105.95,106.02,366870
2011-11-17,106.0,106.0,105.8,105.89,297560
2011-11-18,105.88,106.05,105.87,105.96,76640
2011-11-21,105.95,106.15,105.91,106.05,93340
2011-11-22,106.04,106.04,105.9,106.0,272740
2011-11-23,106.03,106.25,106.0,106.24,261730
2011-11-24,106.24,106.3,106.24,106.3,66990
2011-11-25,106.35,106.55,106.28,106.53,164430
2011-11-28,106.4,106.59,106.4,106.58,148070
2011-11-29,106.4,106.56,106.4,106.55,364230
2011-11-30,106.46,106.56,106.45,106.55,99250
2011-12-01,106.6,107.0,106.6,106.9,998800
2011-12-02,106.9,107.0,106.81,106.97,399760
2011-12-05,106.97,107.34,106.97,107.27,644240
2011-12-06,107.26,107.34,107.05,107.3,242760
2011-12-07,107.26,107.35,107.0,107.15,405350
2011-12-08,107.05,107.25,107.0,107.25,194500
2011-12-09,107.05,107.3,107.05,107.23,77840
2011-12-12,107.07,107.28,107.07,107.28,154550
2011-12-13,107.25,107.35,107.11,107.31,254140
2011-12-14,107.3,107.45,107.25,107.4,164390
2011-12-15,107.38,107.53,107.36,107.43,256860
2011-12-16,107.45,107.46,107.21,107.27,519760
2011-12-19,107.02,107.28,106.8,107.05,202240
2011-12-20,106.93,106.93,106.75,106.85,458830
2011-12-21,106.33,106.77,106.3,106.77,514890
2011-12-22,106.65,106.88,106.6,106.88,255020
2011-12-23,106.6,106.72,106.45,106.55,296230
2011-12-26,106.55,106.6,106.5,106.6,288690
2011-12-27,106.56,106.95,106.55,106.85,495500
2011-12-28,106.85,106.9,106.7,106.9,1208720
2011-12-29,106.89,107.24,106.85,107.24,451640
2011-12-30,107.2,107.5,107.17,107.48,328630
2012-01-04,107.28,107.5,107.21,107.38,248560
2012-01-05,107.2,107.54,107.2,107.36,795430
2012-01-06,107.44,107.44,107.25,107.25,1212190
2012-01-09,107.23,107.28,106.85,106.97,691340
2012-01-10,106.6,107.1,106.6,107.01,1174400
2012-01-11,106.95,107.05,106.41,106.69,291990
2012-01-12,106.45,106.82,106.45,106.81,434350
2012-01-13,106.8,106.95,106.8,106.88,940390
2012-01-16,106.9,107.0,106.79,106.86,377470
2012-01-17,106.8,106.9,106.7,106.8,148910
2012-01-18,106.7,106.8,106.61,106.74,189900
2012-01-19,106.75,106.95,106.75,106.91,861810
2012-01-20,106.9,106.94,106.76,106.88,414790
2012-01-30,106.61,106.87,106.4,106.7,1004340
2012-01-31,106.6,106.7,106.53,106.59,242150
2012-02-01,106.6,106.65,106.5,106.52,415060
2012-02-02,106.5,106.55,106.5,106.52,499120
2012-02-03,106.5,106.51,106.21,106.35,598420
2012-02-06,106.25,106.38,106.06,106.1,1391820
2012-02-07,106.1,106.29,106.1,106.27,1126280
2012-02-08,106.25,106.25,106.1,106.19,589340
2012-02-09,106.2,106.24,106.01,106.02,2267580
2012-02-10,106.02,106.05,105.9,106.01,970530
2012-02-13,106.05,106.15,105.95,106.13,516460
2012-02-14,106.1,106.1,105.93,105.99,602440
2012-02-15,105.99,105.99,105.8,105.85,361590
2012-02-16,105.8,106.05,105.7,106.05,647760
2012-02-17,105.94,106.09,105.94,106.0,130540
2012-02-20,105.75,106.06,105.75,106.0,371910
2012-02-21,106.05,106.05,105.85,105.85,242740
2012-02-22,105.8,105.9,105.8,105.8,193160
2012-02-23,105.8,105.94,105.8,105.91,646990
2012-02-24,105.9,105.95,105.85,105.9,1337510
2012-02-27,105.88,105.95,105.85,105.93,877530
2012-02-28,105.93,105.93,105.7,105.89,397390
2012-02-29,105.88,105.9,105.86,105.88,890000
2012-03-01,105.8,106.05,105.7,105.97,1969600
2012-03-02,105.91,106.05,105.91,106.04,1428300
2012-03-05,105.84,106.06,105.84,106.03,422380
2012-03-06,106.03,106.25,105.92,106.14,529110
2012-03-07,106.2,106.25,106.11,106.15,1355400
2012-03-08,106.15,106.15,106.0,106.11,903890
2012-03-09,106.06,106.15,106.06,106.11,1732600
2012-03-12,105.91,106.2,105.91,106.19,941970
2012-03-13,106.2,106.23,106.17,106.2,2398510
2012-03-14,106.2,106.24,106.11,106.18,2052020
2012-03-15,106.19,106.25,106.15,106.19,750470
2012-03-16,106.15,106.2,106.15,106.16,86640
2012-03-19,106.16,106.16,106.0,106.08,405210
2012-03-20,106.08,106.09,105.88,106.0,422120
2012-03-21,105.9,106.05,105.89,105.91,216120
2012-03-22,105.91,105.99,105.6,105.76,1045780
2012-03-23,105.76,105.99,105.76,105.98,579620
2012-03-26,105.72,106.05,105.72,106.05,405130
2012-03-27,105.85,106.1,105.85,106.0,931590
2012-03-28,106.0,106.15,105.98,106.15,449520
2012-03-29,106.14,106.24,106.07,106.18,559730
2012-03-30,106.12,106.5,106.12,106.34,1073800
2012-04-05,106.36,106.36,106.15,106.2,1159800
2012-04-06,106.2,106.25,106.15,106.15,413930
2012-04-09,106.15,106.15,105.92,105.98,262780
2012-04-10,105.97,106.04,105.82,105.95,81050
2012-04-11,106.0,106.05,105.95,106.05,138230
2012-04-12,106.0,106.03,105.86,105.93,226410
2012-04-13,105.88,106.0,105.81,106.0,265760
2012-04-16,106.0,106.08,105.9,106.05,565360
2012-04-17,106.1,106.1,106.0,106.05,656150
2012-04-18,105.93,106.15,105.93,106.1,644820
2012-04-19,106.02,106.1,106.01,106.07,395030
2012-04-20,106.01,106.15,106.01,106.1,501040
2012-04-23,106.1,106.23,106.1,106.22,254580
2012-04-24,106.25,106.28,106.11,106.21,463420
2012-04-25,106.25,106.35,106.25,106.3,491080
2012-04-26,106.3,106.35,106.24,106.31,848160
2012-04-27,106.35,106.35,106.29,106.32,749330
2012-05-02,106.11,106.29,106.1,106.15,457340
2012-05-03,106.03,106.1,105.9,105.9,454100
2012-05-04,105.91,105.95,105.84,105.84,1071790
2012-05-07,105.9,106.0,105.81,105.9,689050
2012-05-08,105.81,105.95,105.81,105.95,900520
2012-05-09,105.9,106.1,105.9,106.09,2334360
2012-05-10,106.01,106.25,106.01,106.25,480480
2012-05-11,106.15,106.3,106.13,106.3,525770
2012-05-14,106.15,106.59,106.15,106.54,3197640
2012-05-15,106.55,107.07,106.5,106.8,3494820
2012-05-16,106.85,107.01,106.8,106.98,1924550
2012-05-17,107.0,107.05,106.8,106.92,1899700
2012-05-18,106.95,107.0,106.85,107.0,933040
2012-05-21,106.91,107.0,106.8,106.92,848600
2012-05-22,106.82,106.92,106.82,106.89,1357350
2012-05-23,106.86,106.94,106.8,106.88,5858580
2012-05-24,106.86,107.1,106.86,107.09,892090
2012-05-25,106.91,107.25,106.91,107.2,1204540
2012-05-28,107.49,107.49,107.0,107.01,1795910
2012-05-29,107.0,107.01,106.6,106.7,1782290
2012-05-30,106.7,106.78,106.6,106.78,1430130
2012-05-31,106.72,106.9,106.72,106.85,812130
2012-06-01,106.79,106.89,106.52,106.55,1466970
2012-06-04,106.63,106.8,106.55,106.65,5728510
2012-06-05,106.65,106.82,106.62,106.8,1313200
2012-06-06,106.81,106.81,106.66,106.71,1723600
2012-06-07,106.61,106.74,106.6,106.7,1023350
2012-06-08,106.8,107.2,106.8,107.18,1997200
2012-06-11,107.02,107.15,106.8,106.84,994180
2012-06-12,106.9,106.91,106.65,106.73,545000
2012-06-13,106.58,106.7,106.57,106.66,3198180
2012-06-14,106.69,106.69,106.6,106.68,658610
2012-06-15,106.61,106.73,106.61,106.73,638330
2012-06-18,106.74,106.74,106.62,106.66,1281420
2012-06-19,106.65,106.69,106.61,106.68,357560
2012-06-20,106.66,106.68,106.65,106.67,357800
2012-06-21,106.67,106.8,106.67,106.68,455900
2012-06-25,106.65,106.68,106.6,106.68,333380
2012-06-26,106.68,106.85,106.68,106.74,807720
2012-06-27,106.8,106.8,106.72,106.74,522260
2012-06-28,106.74,106.95,106.74,106.91,1302340
2012-06-29,107.0,107.0,106.85,106.96,185420
2012-07-02,106.9,106.9,106.75,106.86,511300
2012-07-03,106.8,107.02,106.76,107.0,872940
2012-07-04,107.1,107.1,107.0,107.05,1336120
2012-07-05,107.05,107.3,107.05,107.25,574500
2012-07-06,107.35,107.55,107.35,107.36,2375100
2012-07-09,107.27,107.44,107.27,107.38,186550
2012-07-10,107.39,107.5,107.3,107.5,1809620
2012-07-11,107.43,107.6,107.4,107.58,1860520
2012-07-12,107.64,107.9,107.64,107.84,749540
2012-07-13,107.78,107.9,107.76,107.9,1303970
2012-07-16,107.87,107.94,107.84,107.87,821730
2012-07-17,107.85,107.9,107.5,107.87,1526380
2012-07-18,107.6,107.85,107.58,107.8,453050
2012-07-19,107.67,107.86,107.67,107.75,57080
2012-07-20,107.7,107.8,107.6,107.69,443390
2012-07-23,107.69,107.75,107.56,107.7,671870
2012-07-24,107.72,107.73,107.65,107.68,388930
2012-07-25,107.72,107.84,107.7,107.79,327640
2012-07-26,107.79,107.79,107.0,107.65,200830
2012-07-27,107.61,107.7,107.5,107.51,184970
2012-07-31,107.05,107.69,107.0,107.66,347710
2012-08-01,107.5,107.65,107.5,107.5,81940
2012-08-02,107.54,107.65,107.5,107.65,446680
2012-08-03,107.65,107.65,107.42,107.48,933610
2012-08-06,107.37,107.46,107.1,107.13,3076660
2012-08-07,107.24,107.26,106.91,106.95,9427650
2012-08-08,106.8,107.0,106.8,106.93,645280
2012-08-09,106.66,107.15,106.66,107.06,1988700
2012-08-10,107.15,107.35,107.02,107.25,649330
2012-08-13,107.25,107.29,107.1,107.16,868560
2012-08-14,107.08,107.14,106.99,107.05,446500
2012-08-15,107.05,107.06,106.86,106.91,424030
2012-08-16,106.83,106.98,106.83,106.93,546940
2012-08-17,106.9,106.94,106.75,106.8,248640
2012-08-20,106.6,106.82,106.6,106.8,91030
2012-08-21,106.75,106.78,106.71,106.74,267750
2012-08-22,106.7,106.79,106.55,106.7,831280
2012-08-23,106.7,106.7,106.55,106.63,384460
2012-08-24,106.55,106.85,106.55,106.85,851790
2012-08-27,106.7,106.94,106.7,106.94,211630
2012-08-28,106.94,107.0,106.76,106.9,660820
2012-08-29,106.82,106.85,106.51,106.8,63280
2012-08-30,106.7,106.85,106.65,106.85,28490
2012-08-31,106.72,106.85,106.72,106.84,18730
2012-09-03,106.7,106.8,106.66,106.75,110820
2012-09-04,106.8,106.99,106.8,106.99,260590
2012-09-05,106.98,106.98,106.75,106.8,398520
2012-09-06,106.75,106.8,106.7,106.79,336630
2012-09-07,106.65,106.79,106.21,106.63,295100
2012-09-10,106.55,106.64,106.45,106.52,640740
2012-09-11,106.45,106.51,106.35,106.37,449880
2012-09-12,106.45,106.45,106.03,106.14,344500
2012-09-13,106.34,106.34,106.0,106.06,289060
2012-09-14,106.04,106.04,105.65,105.75,1200540
2012-09-17,105.73,105.73,105.45,105.59,711730
2012-09-18,105.46,105.76,105.41,105.75,531930
2012-09-19,105.75,105.8,105.6,105.69,165740
2012-09-20,105.66,105.79,105.65,105.68,403330
2012-09-21,105.67,106.09,105.67,106.09,494220
2012-09-24,105.9,105.97,105.79,105.95,136700
2012-09-25,105.86,106.2,105.7,106.19,1331560
2012-09-26,106.29,106.47,106.11,106.4,399980
2012-09-27,106.4,106.4,106.0,106.3,661710
2012-09-28,106.21,106.45,106.21,106.43,306900
2012-10-08,106.4,106.45,106.11,106.33,62210
2012-10-09,106.2,106.2,106.06,106.1,148790
2012-10-10,106.04,106.15,105.98,105.99,309840
2012-10-11,105.86,106.03,105.81,106.01,34670
2012-10-12,105.92,106.14,105.85,106.06,168830
2012-10-15,106.0,106.25,105.88,106.16,552270
2012-10-16,106.12,106.2,105.76,105.86,791570
2012-10-17,105.92,105.92,105.79,105.85,203740
2012-10-18,105.76,105.83,105.56,105.64,1823830
2012-10-19,105.7,105.7,105.27,105.45,987000
2012-10-22,105.45,105.57,105.41,105.52,718720
2012-10-23,105.52,105.63,105.45,105.6,739430
2012-10-24,105.57,105.6,105.52,105.55,294800
2012-10-25,105.55,105.55,105.35,105.35,1195950
2012-10-26,105.36,105.6,105.33,105.6,653240
2012-10-29,105.6,105.67,105.52,105.67,888730
2012-10-30,105.68,105.88,105.6,105.82,1019100
2012-10-31,105.75,105.99,105.75,105.82,632450
2012-11-01,105.82,105.82,105.66,105.78,339560
2012-11-02,105.71,105.8,105.68,105.76,583860
2012-11-05,105.72,105.77,105.7,105.74,183880
2012-11-06,105.75,105.77,105.67,105.69,622780
2012-11-07,105.73,105.75,105.63,105.7,267320
2012-11-08,105.73,105.76,105.66,105.73,413020
2012-11-09,105.67,105.74,105.67,105.72,510660
2012-11-12,105.73,105.75,105.67,105.71,648090
2012-11-13,105.68,105.74,105.61,105.74,904230
2012-11-14,105.7,106.0,105.7,105.97,586300
2012-11-15,105.93,106.04,105.93,106.0,210030
2012-11-16,106.0,106.14,106.0,106.05,376650
2012-11-19,106.01,106.23,105.75,106.03,1051050
2012-11-20,106.03,106.15,105.94,105.99,347060
2012-11-21,106.05,106.05,105.82,105.88,219240
2012-11-22,105.84,105.88,105.65,105.66,126120
2012-11-23,105.73,105.73,105.3,105.53,1525460
2012-11-26,105.42,105.52,105.35,105.41,135800
2012-11-27,105.44,105.5,105.25,105.35,811660
2012-11-28,105.39,105.39,105.2,105.29,176880
2012-11-29,105.2,105.38,105.18,105.27,441850
2012-11-30,105.25,105.36,105.21,105.28,17130
2012-12-03,105.22,105.3,105.16,105.23,78950
2012-12-04,105.28,105.35,105.2,105.28,51410
2012-12-05,105.3,105.3,105.1,105.25,89580
2012-12-06,105.25,105.25,105.1,105.25,325750
2012-12-07,105.18,105.23,105.0,105.11,570920
2012-12-10,105.14,105.14,105.02,105.1,124710
2012-12-11,105.1,105.1,105.03,105.07,145680
2012-12-12,105.13,105.15,105.05,105.08,691730
2012-12-13,105.14,105.18,105.07,105.14,461530
2012-12-14,105.1,105.14,104.89,105.05,641260
2012-12-17,105.0,105.1,104.8,104.86,830880
2012-12-18,104.88,105.0,104.65,104.66,524320
2012-12-19,104.7,104.7,104.3,104.39,381560
2012-12-20,104.3,104.42,104.21,104.35,660770
2012-12-21,104.4,104.54,104.27,104.52,249810
2012-12-24,104.32,104.55,104.25,104.46,292920
2012-12-25,104.36,104.58,104.36,104.55,581340
2012-12-26,104.44,104.55,104.31,104.55,115960
2012-12-27,104.51,104.63,104.5,104.55,311420
2012-12-28,104.52,104.7,104.52,104.7,1729590
2012-12-31,104.57,104.75,104.55,104.69,1156460
2013-01-04,104.51,104.69,104.46,104.58,582900
2013-01-07,104.58,104.7,104.56,104.6,658420
2013-01-08,104.56,104.67,104.55,104.65,480960
2013-01-09,104.57,104.72,104.57,104.72,1330710
2013-01-10,104.65,104.69,104.58,104.65,933060
2013-01-11,104.59,104.65,104.57,104.63,425260
2013-01-14,104.6,104.6,104.5,104.54,168660
2013-01-15,104.5,104.52,104.35,104.38,345750
2013-01-16,104.42,104.42,104.35,104.42,1277670
2013-01-17,104.42,104.47,104.39,104.44,1105570
2013-01-18,104.48,104.55,104.4,104.55,2105110
2013-01-21,104.55,104.58,104.5,104.55,2461890
2013-01-22,104.55,104.55,104.45,104.51,1268430
2013-01-23,104.45,104.62,104.45,104.6,481730
2013-01-24,104.63,104.64,104.5,104.59,2598420
2013-01-25,104.55,104.7,104.5,104.68,852570
2013-01-28,104.65,104.65,104.48,104.49,902030
2013-01-29,104.5,104.55,104.47,104.49,571620
2013-01-30,104.51,104.51,104.41,104.46,303130
2013-01-31,104.44,104.44,104.3,104.4,386690
2013-02-01,104.4,104.4,104.31,104.38,183990
2013-02-04,104.35,104.49,104.26,104.45,786900
2013-02-05,104.49,104.49,104.4,104.43,586580
2013-02-06,104.41,104.59,104.41,104.59,1301680
2013-02-07,104.6,104.65,104.5,104.65,804660
2013-02-08,104.65,104.79,104.65,104.75,1594260
2013-02-18,104.74,104.74,104.52,104.61,336250
2013-02-19,104.54,104.63,104.54,104.59,447600
2013-02-20,104.56,104.7,104.56,104.7,1090050
2013-02-21,104.71,104.87,104.71,104.8,2516320
2013-02-22,104.81,104.81,104.7,104.76,1641220
2013-02-25,104.76,104.76,104.57,104.65,714450
2013-02-26,104.61,104.65,104.55,104.59,637130
2013-02-27,104.52,104.6,104.5,104.58,238640
2013-02-28,104.58,104.58,104.51,104.55,297690
2013-03-01,104.52,104.58,104.52,104.55,1003190
2013-03-04,104.55,104.85,104.54,104.77,2819290
2013-03-05,104.77,104.77,104.65,104.7,651700
2013-03-06,104.66,104.73,104.66,104.69,583210
2013-03-07,104.67,104.78,104.67,104.7,364000
2013-03-08,104.7,104.75,104.68,104.71,842810
2013-03-11,104.72,104.72,104.65,104.7,732720
2013-03-12,104.67,104.74,104.65,104.72,859280
2013-03-13,104.71,104.75,104.7,104.71,504610
2013-03-14,104.7,104.71,104.66,104.71,699100
2013-03-15,104.71,104.71,104.67,104.68,339810
2013-03-18,104.67,104.67,104.4,104.45,1177820
2013-03-19,104.49,104.49,104.2,104.44,804010
2013-03-20,104.28,104.53,104.27,104.47,256360
2013-03-21,104.41,104.55,104.37,104.5,476430
2013-03-22,104.54,104.66,104.5,104.65,474490
2013-03-25,104.51,104.64,104.51,104.58,512540
2013-03-26,104.62,104.63,104.26,104.59,88270
2013-03-27,104.56,104.59,104.55,104.55,142210
2013-03-28,104.6,105.0,104.2,105.0,1965790
2013-03-29,105.01,105.01,104.7,104.94,598420
2013-04-01,104.89,105.32,104.79,105.21,773850
2013-04-02,105.28,105.85,105.2,105.8,816360
2013-04-03,105.65,105.99,105.65,105.98,920850
2013-04-08,105.96,106.15,105.73,105.94,2968950
2013-04-09,105.84,105.92,105.63,105.71,1513680
2013-04-10,105.67,105.9,105.6,105.73,1223000
2013-04-11,105.79,105.79,105.5,105.66,1191240
2013-04-12,105.65,105.85,105.6,105.83,796510
2013-04-15,105.83,106.1,105.75,106.0,1368090
2013-04-16,106.01,106.19,106.01,106.11,1219340
2013-04-17,106.09,106.1,105.9,105.92,1019480
2013-04-18,106.1,106.1,105.55,105.64,937700
2013-04-19,105.65,105.68,105.5,105.52,821310
2013-04-22,105.51,105.53,105.25,105.27,845960
2013-04-23,105.5,105.55,105.25,105.52,1558170
2013-04-24,105.52,105.64,105.44,105.53,298460
2013-04-25,105.65,105.65,105.46,105.57,147840
2013-04-26,105.6,105.9,105.55,105.89,927800
2013-05-02,105.8,105.9,105.74,105.89,734610
2013-05-03,105.89,105.99,105.8,105.93,434800
2013-05-06,105.78,105.92,105.7,105.71,468400
2013-05-07,105.71,105.95,105.7,105.9,1451190
2013-05-08,105.81,105.88,105.76,105.8,1062670
2013-05-09,105.75,105.85,105.73,105.81,1150830
2013-05-10,105.76,105.9,105.75,105.9,1389150
2013-05-13,105.87,105.92,105.8,105.9,451060
2013-05-14,105.84,105.94,105.81,105.9,611840
2013-05-15,105.83,105.95,105.83,105.92,386830
2013-05-16,105.93,105.94,105.85,105.89,501850
2013-05-17,105.86,105.94,105.85,105.92,1035230
2013-05-20,105.81,105.9,105.7,105.81,649960
2013-05-21,105.81,105.81,105.7,105.76,210100
2013-05-22,105.8,105.95,105.75,105.85,635600
2013-05-23,105.85,106.06,105.85,105.98,876320
2013-05-24,105.98,106.05,105.98,105.99,673030
2013-05-27,105.92,106.02,105.92,105.99,551000
2013-05-28,105.99,106.08,105.95,106.06,1611190
2013-05-29,105.99,106.1,105.9,105.93,1583960
2013-05-30,105.92,106.0,105.79,105.86,448870
2013-05-31,105.92,105.92,105.7,105.88,243050
2013-06-03,105.9,105.9,105.72,105.74,272000
2013-06-04,105.84,105.84,105.56,105.6,652150
2013-06-05,105.58,105.69,105.4,105.44,639160
2013-06-06,105.57,105.57,105.25,105.42,787230
2013-06-07,105.3,105.48,105.2,105.39,907630
2013-06-13,105.31,105.7,105.1,105.18,1207240
2013-06-14,105.6,105.6,105.1,105.32,1279890
2013-06-17,105.33,105.37,105.22,105.26,439270
2013-06-18,105.22,105.41,105.2,105.35,990570
2013-06-19,105.25,105.26,104.93,104.94,354770
2013-06-20,104.93,104.93,104.55,104.62,3560060
2013-06-21,104.51,104.9,104.4,104.84,1184640
2013-06-24,104.89,104.89,104.22,104.41,1322900
2013-06-25,104.3,104.57,104.3,104.56,1282560
2013-06-26,104.6,104.9,104.6,104.88,2898460
2013-06-27,104.86,105.1,104.74,105.0,884790
2013-06-28,104.8,105.05,104.8,105.04,728450
2013-07-01,105.0,105.25,104.99,105.15,436010
2013-07-02,105.13,105.21,105.09,105.15,622020
2013-07-03,105.21,105.47,105.12,105.4,566930
2013-07-04,105.22,105.44,105.22,105.35,151830
2013-07-05,105.35,105.35,105.2,105.27,454260
2013-07-08,105.22,105.29,105.05,105.29,219230
2013-07-09,105.13,105.28,105.12,105.25,618440
2013-07-10,105.15,105.24,104.85,104.89,1468010
2013-07-11,104.9,104.9,104.72,104.79,774890
2013-07-12,104.9,104.9,104.8,104.83,625010
2013-07-15,104.78,104.85,104.76,104.82,284850
2013-07-16,104.84,104.84,104.69,104.7,336140
2013-07-17,104.84,104.84,104.41,104.54,511830
2013-07-18,104.45,104.64,104.45,104.62,616180
2013-07-19,104.62,104.62,104.49,104.6,149400
2013-07-22,104.54,104.57,104.3,104.35,693290
2013-07-23,104.23,104.38,104.0,104.06,381550
2013-07-24,103.96,103.98,103.3,103.35,642060
2013-07-25,103.45,103.97,103.38,103.8,713580
2013-07-26,103.9,103.95,103.8,103.92,246860
2013-07-29,103.62,104.09,103.62,103.96,32220
2013-07-30,103.97,104.3,103.97,104.16,242250
2013-07-31,104.17,104.39,104.0,104.2,317950
2013-08-01,104.2,104.55,104.09,104.5,390450
2013-08-02,104.36,104.55,104.35,104.48,385960
2013-08-05,104.44,104.44,103.8,103.92,368050
2013-08-06,103.97,104.0,103.85,103.94,154860
2013-08-07,104.0,104.0,103.68,103.68,174690
2013-08-08,103.7,103.74,103.36,103.5,981610
2013-08-09,103.5,103.72,103.5,103.58,626840
2013-08-12,103.5,103.59,103.33,103.35,148510
2013-08-13,103.33,103.44,103.27,103.33,145410
2013-08-14,103.3,103.39,103.19,103.26,33420
2013-08-15,103.17,103.23,103.03,103.23,84210
2013-08-16,103.23,103.33,103.04,103.24,343010
2013-08-19,103.13,103.22,103.08,103.1,250610
2013-08-20,103.1,103.1,102.85,102.9,202280
2013-08-21,102.92,102.99,102.7,102.99,255670
2013-08-22,103.05,103.05,102.91,103.0,52050
2013-08-23,103.02,103.2,102.93,103.2,129660
2013-08-26,102.96,103.2,102.94,103.1,300110
2013-08-27,103.15,103.15,103.0,103.07,89180
2013-08-28,103.05,103.06,102.95,103.01,199760
2013-08-29,103.08,103.85,102.95,103.01,33440
2013-08-30,103.02,103.07,102.93,103.0,87910
2013-09-02,103.05,103.08,102.8,102.9,149290
2013-09-03,102.8,102.88,102.5,102.65,191670
2013-09-04,102.65,102.95,102.55,102.56,624690
2013-09-05,102.6,102.88,102.5,102.84,338200
2013-09-06,102.65,102.85,102.64,102.85,619620
2013-09-09,102.85,102.9,102.75,102.78,312310
2013-09-10,102.75,102.85,102.7,102.72,202250
2013-09-11,102.72,102.72,102.02,102.36,257050
2013-09-12,102.31,102.38,102.1,102.11,149900
2013-09-13,102.09,102.29,101.93,102.1,462450
2013-09-16,102.1,102.1,101.76,101.98,221230
2013-09-17,101.98,102.47,101.98,102.43,427590
2013-09-18,102.35,102.9,102.35,102.75,384750
2013-09-23,102.88,103.0,102.6,102.95,734870
2013-09-24,103.0,103.04,102.8,102.85,446690
2013-09-25,102.83,102.95,102.83,102.94,527380
2013-09-26,102.93,103.08,102.93,103.07,268690
2013-09-27,102.96,103.2,102.95,103.1,188860
2013-09-30,103.1,103.26,103.0,103.1,258260
2013-10-08,102.98,103.1,102.78,102.85,99950
2013-10-09,102.7,103.06,102.7,103.03,575350
2013-10-10,103.0,103.01,102.85,102.91,268970
2013-10-11,102.81,103.05,102.81,102.95,144830
2013-10-14,102.87,102.94,102.75,102.83,268540
2013-10-15,102.84,102.84,102.2,102.42,322290
2013-10-16,102.43,102.5,101.88,102.06,295550
2013-10-17,102.09,102.09,101.7,101.79,343700
2013-10-18,101.73,102.08,101.72,101.98,129410
2013-10-21,101.85,102.05,101.85,101.96,147470
2013-10-22,101.95,102.0,101.9,101.99,68590
2013-10-23,102.0,102.0,101.83,101.86,89450
2013-10-24,101.83,101.84,101.5,101.54,723510
2013-10-25,101.59,101.6,101.45,101.53,118570
2013-10-28,101.53,101.53,101.4,101.44,83500
2013-10-29,101.63,101.63,101.43,101.48,122430
2013-10-30,101.6,101.6,101.16,101.28,149560
2013-10-31,101.2,101.32,101.11,101.29,127400
2013-11-01,101.38,101.53,101.25,101.35,52760
2013-11-04,101.35,101.38,101.28,101.28,127590
2013-11-05,101.25,101.29,101.09,101.1,184470
2013-11-06,101.1,102.0,101.05,101.1,183310
2013-11-07,101.11,101.24,100.8,100.8,145680
2013-11-08,100.81,100.82,100.42,100.49,130550
2013-11-11,100.47,100.47,99.99,100.19,174780
2013-11-12,100.25,100.29,100.1,100.18,50120
2013-11-13,100.11,100.22,99.18,99.42,676040
2013-11-14,99.42,99.42,98.8,99.0,700910
2013-11-15,98.79,99.05,98.42,98.48,363700
2013-11-18,98.45,98.45,97.82,97.9,611980
2013-11-19,97.9,97.97,97.2,97.23,1454110
2013-11-20,97.31,97.59,97.26,97.44,1220850
2013-11-21,97.44,98.7,97.4,98.22,1313310
2013-11-22,98.38,98.6,98.23,98.46,331430
2013-11-25,98.5,98.52,98.01,98.31,53710
2013-11-26,98.4,98.4,98.21,98.29,224970
2013-11-27,98.26,98.68,98.26,98.54,952730
2013-11-28,98.5,98.64,98.33,98.63,210090
2013-11-29,98.63,99.29,98.63,99.28,206520
2013-12-02,99.38,99.38,98.35,98.4,269160
2013-12-03,98.5,98.86,98.31,98.86,768670
2013-12-04,98.98,99.09,98.68,98.8,312570
2013-12-05,98.6,98.75,98.48,98.5,331960
2013-12-06,98.5,98.51,98.2,98.33,684660
2013-12-09,98.3,98.45,98.29,98.33,474530
2013-12-10,98.39,98.4,97.62,97.75,1013380
2013-12-11,97.8,97.94,97.7,97.84,432560
2013-12-12,97.87,98.17,97.86,98.15,143430
2013-12-13,98.37,98.5,98.14,98.29,839670
2013-12-16,98.3,98.3,97.7,97.9,725610
2013-12-17,97.72,97.88,97.66,97.84,66120
2013-12-18,97.88,97.95,97.61,97.7,668690
2013-12-19,97.72,97.72,97.25,97.34,502150
2013-12-20,97.49,97.49,97.2,97.26,422350
2013-12-23,97.26,97.5,97.15,97.32,224750
2013-12-24,97.3,97.63,97.3,97.55,182300
2013-12-25,97.51,97.65,97.51,97.53,234550
2013-12-26,97.5,97.6,97.15,97.33,291850
2013-12-27,97.16,97.46,97.16,97.3,49110
2013-12-30,97.35,97.46,97.23,97.29,169950
2013-12-31,97.35,97.45,97.18,97.35,312750
2014-01-02,97.39,97.6,97.3,97.6,274250
2014-01-03,97.44,97.44,97.15,97.2,121390
2014-01-06,97.15,97.18,96.75,96.85,249510
2014-01-07,96.8,96.9,96.7,96.79,423610
2014-01-08,96.89,97.25,96.75,97.1,860050
2014-01-09,97.1,97.46,97.05,97.33,2615620
2014-01-10,97.34,97.48,97.28,97.36,515910
2014-01-13,97.22,97.36,97.2,97.35,660080
2014-01-14,97.2,97.32,97.2,97.3,714930
2014-01-15,97.29,97.99,97.2,97.7,1006830
2014-01-16,97.7,98.1,97.6,98.0,1503420
2014-01-17,97.96,98.08,97.81,98.05,440410
2014-01-20,98.0,98.05,97.85,97.92,342830
2014-01-21,97.92,98.43,97.92,98.4,1392640
2014-01-22,98.4,99.0,98.4,98.84,216380
2014-01-23,98.51,98.9,98.31,98.65,393830
2014-01-24,98.84,98.9,98.45,98.7,208990
2014-01-27,98.75,99.28,98.75,99.25,654380
2014-01-28,99.24,99.27,99.02,99.1,380780
2014-01-29,99.1,99.25,98.8,99.25,160840
2014-01-30,99.3,99.35,99.21,99.28,103860
2014-02-07,99.1,99.25,98.99,98.99,294140
2014-02-10,98.95,99.05,98.79,98.98,1426610
2014-02-11,98.9,99.29,98.9,99.28,158980
2014-02-12,99.28,99.3,99.1,99.12,455430
2014-02-13,99.16,99.25,99.1,99.17,390450
2014-02-14,99.14,99.35,99.14,99.35,695640
2014-02-17,99.26,99.45,99.24,99.41,209490
2014-02-18,99.31,99.44,99.22,99.4,2305340
2014-02-19,99.21,99.46,99.21,99.45,691610
2014-02-20,99.45,99.45,99.29,99.3,556970
2014-02-21,99.39,99.39,99.24,99.28,128860
2014-02-24,99.31,100.0,99.31,100.0,475840
2014-02-25,100.0,100.5,99.91,100.38,209950
2014-02-26,100.45,100.61,99.43,99.88,216950
2014-02-27,100.08,100.49,100.0,100.31,575870
2014-02-28,100.38,100.52,100.29,100.39,872270
2014-03-03,100.18,100.39,100.0,100.1,712020
2014-03-04,100.05,100.12,99.4,99.52,428060
2014-03-05,99.8,99.88,99.4,99.55,1124450
2014-03-06,99.45,99.74,99.0,99.51,1220330
2014-03-07,99.51,99.94,99.28,99.75,113920
2014-03-10,99.85,100.05,99.4,99.8,454820
2014-03-11,99.85,99.98,99.6,99.63,479350
2014-03-12,99.78,99.81,99.59,99.8,337210
2014-03-13,99.99,100.25,99.75,100.18,733160
2014-03-14,100.2,100.39,100.15,100.23,338140
2014-03-17,100.23,100.23,100.02,100.2,169040
2014-03-18,100.18,100.18,99.92,100.03,214730
2014-03-19,99.93,100.1,99.66,99.73,180420
2014-03-20,99.71,99.95,99.71,99.83,202170
2014-03-21,99.83,100.0,99.78,99.89,230030
2014-03-24,99.8,99.86,99.72,99.8,254550
2014-03-25,99.73,99.93,99.73,99.92,239860
2014-03-26,99.85,99.91,99.82,99.91,59750
2014-03-27,99.81,99.95,99.81,99.86,103730
2014-03-28,99.9,99.91,99.76,99.78,37010
2014-03-31,99.89,99.9,99.5,99.61,131640
2014-04-01,99.61,99.61,99.46,99.48,102930
2014-04-02,99.5,99.56,99.44,99.44,79250
2014-04-03,99.48,99.48,98.87,98.89,687710
2014-04-04,98.81,99.5,98.51,99.14,435700
2014-04-08,99.06,99.2,98.78,98.82,1001200
2014-04-09,98.82,98.9,98.76,98.9,1924940
2014-04-10,98.81,99.0,98.8,98.95,871050
2014-04-11,98.96,99.37,98.95,99.27,498050
2014-04-14,99.27,99.45,99.17,99.38,324490
2014-04-15,99.4,99.61,99.33,99.55,291690
2014-04-16,99.55,99.58,99.48,99.48,236960
2014-04-17,99.45,99.89,99.45,99.7,542710
2014-04-18,99.8,99.9,99.67,99.83,107020
2014-04-21,99.81,99.98,99.74,99.97,62590
2014-04-22,99.9,99.99,99.7,99.78,131690
2014-04-23,99.81,99.88,99.77,99.83,171100
2014-04-24,99.82,99.84,99.45,99.48,367070
2014-04-25,99.47,99.93,99.2,99.78,649010
2014-04-28,99.67,99.91,99.5,99.9,348650
2014-04-29,99.93,99.93,99.77,99.9,53170
2014-04-30,99.9,100.37,99.85,100.28,355350
2014-05-05,100.13,100.3,100.13,100.26,396480
2014-05-06,100.24,100.53,100.24,100.5,711660
2014-05-07,100.42,100.84,100.42,100.71,215500
2014-05-08,100.56,100.83,100.56,100.75,918210
2014-05-09,100.61,101.1,100.6,101.0,982310
2014-05-12,101.0,101.25,100.09,101.06,296790
2014-05-13,100.88,101.06,100.65,100.7,223630
2014-05-14,100.65,100.69,100.49,100.66,465930
2014-05-15,100.73,100.82,100.52,100.53,637800
2014-05-16,100.58,100.64,100.5,100.62,302810
2014-05-19,100.51,100.62,100.5,100.56,391280
2014-05-20,100.56,100.64,100.45,100.57,224230
2014-05-21,100.69,100.69,100.49,100.51,498880
2014-05-22,100.59,100.59,100.3,100.47,516030
2014-05-23,100.47,100.54,100.4,100.46,42660
2014-05-26,100.46,100.46,100.22,100.44,445790
2014-05-27,100.55,100.6,100.45,100.6,613430
2014-05-28,100.58,100.85,100.58,100.67,1345360
2014-05-29,100.75,100.9,100.67,100.84,2022680
2014-05-30,100.7,101.11,100.7,101.11,1217200
2014-06-03,101.09,101.2,100.93,101.18,861130
2014-06-04,101.11,101.49,101.11,101.41,894120
2014-06-05,101.32,101.39,101.05,101.14,568970
2014-06-06,101.2,101.2,100.95,101.07,1091360
2014-06-09,100.86,100.99,100.85,100.93,383020
2014-06-10,100.9,101.1,100.9,100.93,805860
2014-06-11,100.99,100.99,100.76,100.9,368910
2014-06-12,100.88,100.92,100.8,100.88,87120
2014-06-13,100.84,100.88,100.68,100.78,795670
2014-06-16,100.78,101.0,100.76,100.99,909760
2014-06-17,100.92,101.03,100.7,100.85,667250
2014-06-18,100.86,100.86,100.5,100.51,736670
2014-06-19,100.59,100.75,100.46,100.72,304230
2014-06-20,100.7,100.85,100.7,100.84,156150
2014-06-23,100.84,100.89,100.75,100.81,204390
2014-06-24,100.7,100.84,100.7,100.84,167020
2014-06-25,100.8,100.94,100.8,100.92,479500
2014-06-26,100.8,100.97,100.8,100.97,618330
2014-06-27,100.97,100.99,100.92,100.94,347300
2014-06-30,101.0,101.0,100.73,100.8,332680
2014-07-01,100.74,100.75,100.3,100.39,1136240
2014-07-02,100.4,100.4,100.2,100.29,1654700
2014-07-03,100.36,100.36,99.99,100.07,908990
2014-07-04,100.09,100.6,99.79,100.15,1773390
2014-07-07,100.15,100.3,100.0,100.14,341980
2014-07-08,100.21,100.21,100.04,100.13,171040
2014-07-09,100.14,100.17,100.09,100.12,521940
2014-07-10,100.01,100.1,99.96,100.06,533450
2014-07-11,100.06,100.12,99.99,100.05,174310
2014-07-14,100.06,100.1,99.95,100.01,338850
2014-07-15,99.98,99.99,99.83,99.88,274990
2014-07-16,99.95,99.95,99.6,99.74,1093350
2014-07-17,99.77,99.8,99.39,99.54,412010
2014-07-18,99.54,99.79,99.49,99.77,493850
2014-07-21,99.78,99.78,99.6,99.74,472170
2014-07-22,99.79,99.95,99.71,99.78,1125800
2014-07-23,99.72,99.75,99.6,99.7,519440
2014-07-24,99.75,99.8,99.5,99.6,286130
2014-07-25,99.61,99.95,99.61,99.95,426540
2014-07-28,99.96,99.96,99.62,99.7,579040
2014-07-29,99.7,99.7,99.49,99.6,919880
2014-07-30,99.5,99.65,99.49,99.64,899730
2014-07-31,99.64,100.08,99.5,100.05,1423710
2014-08-01,100.05,100.2,99.92,100.19,462880
2014-08-04,100.03,100.19,100.03,100.1,478140
2014-08-05,100.08,100.12,100.0,100.11,698000
2014-08-06,100.24,100.35,100.11,100.23,987110
2014-08-07,100.2,100.25,100.01,100.06,150820
2014-08-08,100.07,100.27,100.03,100.22,103690
2014-08-11,100.15,100.3,100.15,100.3,308920
2014-08-12,100.29,100.29,100.19,100.25,1151740
2014-08-13,100.19,100.42,100.17,100.34,1445940
2014-08-14,100.34,100.75,100.34,100.72,738170
2014-08-15,100.7,100.72,100.56,100.63,377140
2014-08-18,100.6,100.61,100.38,100.42,387730
2014-08-19,100.35,100.42,100.2,100.29,282550
2014-08-20,100.28,100.32,100.16,100.19,363590
2014-08-21,100.18,100.35,100.17,100.34,453090
2014-08-22,100.23,100.4,100.23,100.34,224670
2014-08-25,100.38,100.38,100.21,100.31,85030
2014-08-26,100.3,100.57,100.3,100.56,756190
2014-08-27,100.45,100.68,100.45,100.61,870290
2014-08-28,100.45,100.67,100.45,100.57,767480
2014-08-29,100.58,100.58,100.47,100.49,413720
2014-09-01,100.44,100.57,100.41,100.57,226730
2014-09-02,100.59,100.6,100.52,100.53,373400
2014-09-03,100.5,100.57,100.34,100.45,964460
2014-09-04,100.44,100.45,100.35,100.37,589450
2014-09-05,100.37,100.43,100.35,100.4,791440
2014-09-09,100.4,100.6,100.4,100.47,637650
2014-09-10,100.48,100.55,100.39,100.41,238270
2014-09-11,100.43,100.46,100.35,100.41,203120
2014-09-12,100.37,100.46,100.3,100.34,678120
2014-09-15,100.4,100.48,100.32,100.47,1015740
2014-09-16,100.46,100.58,100.38,100.5,886450
2014-09-17,100.5,100.7,100.5,100.67,2454600
2014-09-18,100.66,101.1,100.59,101.07,2597380
2014-09-19,101.1,101.37,101.1,101.25,1326620
2014-09-22,101.18,101.38,101.0,101.3,1509730
2014-09-23,101.3,101.5,101.2,101.25,842960
2014-09-24,101.1,101.2,100.9,101.06,1390690
2014-09-25,100.82,101.14,100.75,101.11,1554280
2014-09-26,101.12,101.43,101.04,101.1,156260
2014-09-29,101.1,101.38,101.0,101.34,1120080
2014-09-30,101.49,101.84,101.32,101.8,1142680
2014-10-08,101.7,101.8,101.43,101.52,362280
2014-10-09,101.47,101.5,101.32,101.35,807280
2014-10-10,101.43,101.48,101.33,101.45,361420
2014-10-13,101.27,101.46,101.27,101.33,548560
2014-10-14,101.37,101.89,101.33,101.88,1509240
2014-10-15,101.88,102.3,101.73,102.0,855730
2014-10-16,102.09,102.39,101.9,102.21,1278180
2014-10-17,102.21,102.51,102.11,102.5,440860
2014-10-20,102.58,102.95,102.21,102.81,1307220
2014-10-21,102.8,103.0,102.67,102.67,1402100
2014-10-22,102.65,102.69,102.41,102.55,894710
2014-10-23,102.46,102.54,102.22,102.5,1644600
2014-10-24,102.37,102.57,102.31,102.51,695930
2014-10-27,102.51,102.66,102.35,102.66,454730
2014-10-28,102.66,102.96,102.61,102.96,562230
2014-10-29,102.86,103.19,102.86,103.13,674440
2014-10-30,103.05,103.16,102.95,103.07,593190
2014-10-31,103.05,103.2,103.0,103.13,337620
2014-11-03,103.11,103.98,103.1,103.72,457690
2014-11-04,103.62,104.11,103.0,104.07,591620
2014-11-05,104.05,104.48,103.87,104.45,315620
2014-11-06,104.39,104.43,104.2,104.38,601580
2014-11-07,104.39,105.15,104.39,104.75,582390
2014-11-10,104.75,105.17,104.75,105.03,1023800
2014-11-11,105.0,105.3,104.7,104.88,1548480
2014-11-12,104.99,105.0,104.1,104.17,991050
2014-11-13,103.92,104.26,103.66,104.15,866090
2014-11-14,104.14,104.14,103.52,103.52,1046540
2014-11-17,103.21,103.66,103.21,103.57,880960
2014-11-18,103.33,103.86,103.33,103.86,618210
2014-11-19,103.7,104.13,103.5,103.6,540750
2014-11-20,103.22,103.77,103.22,103.56,417460
2014-11-21,103.5,103.69,103.31,103.68,1654480
2014-11-24,103.65,104.49,103.65,104.22,1744030
2014-11-25,104.09,104.35,103.81,104.01,715410
2014-11-26,103.96,104.32,103.96,104.3,1157130
2014-11-27,104.32,104.7,104.2,104.35,439940
2014-11-28,104.26,104.41,104.0,104.35,731460
2014-12-01,104.11,104.36,104.11,104.22,621960
2014-12-02,104.2,104.29,103.81,103.82,404300
2014-12-03,103.95,103.95,103.33,103.45,791250
2014-12-04,103.25,103.47,103.0,103.15,1119180
2014-12-05,103.01,103.4,102.35,102.99,2497790
2014-12-08,102.71,103.28,102.5,102.58,1080290
2014-12-09,102.5,102.5,101.0,102.09,2216050
2014-12-10,101.81,103.05,101.8,102.72,2095510
2014-12-11,102.56,102.85,102.5,102.72,800380
2014-12-12,102.67,102.79,102.56,102.63,1100580
2014-12-15,102.61,102.62,102.23,102.4,613310
2014-12-16,102.41,102.8,102.23,102.77,2005030
2014-12-17,102.67,103.07,102.31,103.06,1610690
2014-12-18,103.0,103.0,102.64,102.88,378160
2014-12-19,102.75,103.03,102.63,103.0,319320
2014-12-22,102.89,103.09,102.67,103.08,509690
2014-12-23,103.08,103.55,103.0,103.55,666790
2014-12-24,103.7,103.8,103.47,103.61,1577200
2014-12-25,103.61,103.72,103.39,103.61,595320
2014-12-26,103.51,103.81,103.42,103.71,508560
2014-12-29,103.72,103.88,103.5,103.55,638700
2014-12-30,103.6,103.66,103.51,103.65,892380
2014-12-31,103.65,103.75,103.3,103.55,1317740
2015-01-05,103.5,103.5,103.33,103.35,394070
2015-01-06,103.45,103.45,103.13,103.2,657120
2015-01-07,103.2,103.5,103.2,103.34,484770
2015-01-08,103.18,103.63,103.18,103.58,681110
2015-01-09,103.37,103.8,103.37,103.74,1875580
2015-01-12,103.66,103.98,103.48,103.81,1244840
2015-01-13,103.85,104.72,103.5,104.47,1694140
2015-01-14,104.84,104.84,103.81,104.2,3071740
2015-01-15,104.03,104.57,104.03,104.5,1098650
2015-01-16,104.33,104.76,104.33,104.65,1104520
2015-01-19,104.64,104.97,104.54,104.63,752570
2015-01-20,104.56,104.77,104.53,104.7,2801530
2015-01-21,104.76,104.85,104.67,104.81,983720
2015-01-22,104.9,105.28,104.81,105.01,730660
2015-01-23,105.04,105.2,105.0,105.18,421240
2015-01-26,105.1,105.98,105.0,105.5,1255780
2015-01-27,105.31,105.57,105.3,105.45,1450000
2015-01-28,105.1,105.27,104.72,105.04,1169080
2015-01-29,105.08,105.18,104.9,104.98,1314390
2015-01-30,104.86,104.96,104.6,104.82,1465750
2015-02-02,104.83,105.1,104.73,105.0,583330
2015-02-03,104.9,105.09,104.8,105.04,839610
2015-02-04,105.1,105.8,104.95,105.68,4069880
2015-02-05,105.32,105.66,105.18,105.39,3536100
2015-02-06,104.81,105.6,104.81,105.52,390680
2015-02-09,105.32,105.72,105.32,105.6,695450
2015-02-10,105.53,105.72,105.17,105.52,544690
2015-02-11,105.55,105.95,105.43,105.95,879750
2015-02-12,105.89,106.2,105.89,106.15,894890
2015-02-13,106.15,107.3,106.07,107.02,1564270
2015-02-16,107.02,107.02,106.51,106.69,1194710
2015-02-17,106.62,107.28,106.62,106.9,329000
2015-02-25,106.7,107.0,106.7,106.96,379910
2015-02-26,106.96,106.96,106.62,106.81,1025530
2015-02-27,106.84,106.87,106.45,106.73,1462690
2015-03-02,106.58,106.78,106.48,106.65,1910670
2015-03-03,106.52,106.6,106.4,106.45,396130
2015-03-04,106.54,106.55,106.4,106.48,894660
2015-03-05,106.45,106.54,106.2,106.21,597880
2015-03-06,106.45,106.45,106.02,106.09,986330
2015-03-09,105.03,106.15,105.03,105.9,581670
2015-03-10,105.91,105.91,105.75,105.88,290230
2015-03-11,105.8,106.24,105.68,106.24,934150
2015-03-12,106.04,106.78,106.04,106.3,804290
2015-03-13,106.3,106.54,106.07,106.25,1644890
2015-03-16,106.25,106.27,105.93,106.0,1110160
2015-03-17,106.0,106.15,105.91,106.12,1742510
2015-03-18,106.12,106.18,105.93,106.0,622420
2015-03-19,106.0,106.08,105.66,105.86,487250
2015-03-20,105.63,106.06,105.62,106.05,388020
2015-03-23,105.98,106.07,105.95,106.05,551260
2015-03-24,105.99,106.06,105.95,106.05,718330
2015-03-25,105.98,106.09,105.97,106.06,553820
2015-03-26,106.0,106.05,105.69,105.78,433910
2015-03-27,105.62,105.67,105.46,105.54,489250
2015-03-30,105.37,105.45,105.1,105.11,501020
2015-03-31,105.27,105.27,104.55,104.7,836740
2015-04-01,104.6,104.92,104.6,104.82,1014740
2015-04-02,104.82,105.28,104.82,105.19,1057510
2015-04-03,105.08,105.13,104.78,104.92,605850
2015-04-07,104.89,104.94,104.7,104.8,1020930
2015-04-08,104.8,104.95,104.72,104.8,1577650
2015-04-09,104.85,105.45,104.72,105.21,2493770
2015-04-10,105.21,105.63,105.07,105.46,1127270
2015-04-13,105.25,105.71,105.25,105.7,705120
2015-04-14,105.61,105.71,105.55,105.6,875970
2015-04-15,105.5,105.75,105.5,105.75,1144550
2015-04-16,106.11,106.11,105.71,105.75,368910
2015-04-17,105.8,105.99,105.73,105.91,497450
2015-04-20,105.92,106.47,105.91,106.3,453910
2015-04-21,106.3,106.6,106.03,106.5,1596650
2015-04-22,106.41,106.56,106.35,106.4,1592070
2015-04-23,106.41,106.7,106.32,106.39,1222410
2015-04-24,106.31,106.5,106.03,106.45,776790
2015-04-27,106.15,106.46,106.15,106.42,620130
2015-04-28,106.48,106.5,106.27,106.48,1573280
2015-04-29,106.35,106.47,106.32,106.44,681290
2015-04-30,106.39,106.47,106.32,106.43,1122340
2015-05-04,106.26,106.4,106.21,106.29,313850
2015-05-05,106.23,106.36,105.93,106.24,522160
2015-05-06,106.3,106.3,106.02,106.17,585040
2015-05-07,105.55,106.19,105.55,106.0,386670
2015-05-08,105.99,106.23,105.98,106.16,572480
2015-05-11,106.46,106.46,106.09,106.25,1762840
2015-05-12,106.2,106.6,106.2,106.29,1828880
2015-05-13,106.22,106.3,106.22,106.25,259180
2015-05-14,106.25,106.39,106.25,106.36,991000
2015-05-15,106.34,106.45,106.2,106.35,688240
2015-05-18,106.35,106.41,106.08,106.35,2401860
2015-05-19,106.19,106.36,106.19,106.31,2305830
2015-05-20,106.23,106.35,106.16,106.29,1069070
2015-05-21,106.22,106.35,106.16,106.35,874060
2015-05-22,106.3,106.46,106.25,106.39,759220
2015-05-25,106.32,106.46,106.27,106.3,1073320
2015-05-26,106.3,106.35,106.07,106.25,804210
2015-05-27,106.23,106.29,106.19,106.24,970520
2015-05-28,106.19,106.28,105.75,106.22,1162740
2015-05-29,106.22,106.23,105.95,106.1,416750
2015-06-01,106.01,106.24,106.01,106.15,1394780
2015-06-02,106.15,106.25,105.83,106.16,899380
2015-06-03,106.16,106.24,106.06,106.22,125230
2015-06-04,106.16,106.28,106.05,106.18,612650
2015-06-05,106.2,106.3,106.16,106.24,641830
2015-06-08,106.2,106.26,106.17,106.25,521140
2015-06-09,106.22,106.37,106.21,106.28,471590
2015-06-10,106.25,106.34,106.21,106.23,88220
2015-06-11,106.09,106.26,106.09,106.22,471220
2015-06-12,106.07,106.22,106.07,106.2,617320
2015-06-15,106.11,106.23,106.08,106.1,705320
2015-06-16,106.01,106.21,106.01,106.17,812660
2015-06-17,106.04,106.2,106.04,106.14,620720
2015-06-18,106.08,106.21,105.98,106.19,780270
2015-06-19,106.02,106.22,106.0,106.06,681880
2015-06-23,106.06,106.15,106.0,106.07,822970
2015-06-24,106.01,106.14,106.01,106.14,399730
2015-06-25,106.17,106.19,106.08,106.17,605170
2015-06-26,106.11,106.24,106.1,106.14,455230
2015-06-29,106.08,106.19,105.63,105.95,1711850
2015-06-30,105.83,106.13,105.7,105.95,523920
2015-07-01,106.12,106.19,105.84,106.04,244290
2015-07-02,105.9,106.04,105.8,105.96,706860
2015-07-03,105.88,106.19,105.88,105.98,1120620
2015-07-06,105.95,106.15,105.95,106.04,2239410
2015-07-07,106.12,106.97,106.01,106.5,3352990
2015-07-08,106.5,106.78,105.81,106.4,3144300
2015-07-09,106.4,106.4,105.9,106.08,2466400
2015-07-10,106.08,106.1,105.0,105.99,1505760
2015-07-13,106.02,106.02,105.75,105.92,2123090
2015-07-14,105.84,105.92,105.81,105.87,950130
2015-07-15,105.81,105.89,105.74,105.74,628160
2015-07-16,105.76,105.82,105.67,105.81,907580
2015-07-17,105.84,105.97,105.73,105.91,1118110
2015-07-20,105.85,106.04,105.81,105.95,629830
2015-07-21,105.96,106.03,105.9,106.0,1643870
2015-07-22,105.99,106.04,105.92,106.0,1438930
2015-07-23,105.97,106.1,105.97,106.05,1406100
2015-07-24,106.05,106.06,105.97,106.06,692860
2015-07-27,105.99,106.07,105.95,105.99,338580
2015-07-28,105.98,106.05,105.75,106.0,842760
2015-07-29,105.97,106.07,105.97,106.07,999240
2015-07-30,106.02,106.07,105.98,106.04,882320
2015-07-31,106.0,106.07,105.94,106.0,791370
2015-08-03,106.0,106.06,105.96,106.04,1605530
2015-08-04,106.04,106.09,106.02,106.08,1530840
2015-08-05,106.07,106.1,106.01,106.07,2164000
2015-08-06,106.07,106.1,106.03,106.1,600780
2015-08-07,106.09,106.41,106.08,106.28,1108700
2015-08-10,106.3,106.38,106.06,106.1,1044150
2015-08-11,106.09,106.09,105.82,105.89,799460
2015-08-12,105.91,105.91,105.36,105.7,1845770
2015-08-13,105.55,105.83,105.55,105.74,447570
2015-08-14,105.71,105.95,105.7,105.94,779690
2015-08-17,105.91,105.93,105.81,105.88,633560
2015-08-18,105.85,105.9,105.72,105.84,1376140
2015-08-19,105.77,105.96,105.7,105.93,735540
2015-08-20,105.93,105.98,105.85,105.95,837450
2015-08-21,105.88,106.1,105.88,105.97,381490
2015-08-24,105.86,106.18,105.85,106.03,1642680
2015-08-25,105.95,106.09,105.87,105.95,1304820
2015-08-26,105.99,106.12,105.95,106.09,1630200
2015-08-27,106.02,106.17,106.0,106.16,1168040
2015-08-28,106.13,106.13,106.04,106.08,808530
2015-08-31,106.1,106.26,106.1,106.24,3181590
2015-09-01,106.19,106.36,106.19,106.36,1390470
2015-09-02,106.44,106.44,106.3,106.39,970570
2015-09-07,106.31,106.37,106.23,106.37,2677040
2015-09-08,106.29,106.35,106.03,106.25,1056300
2015-09-09,106.1,106.27,106.07,106.21,1522010
2015-09-10,106.15,106.27,106.1,106.26,764960
2015-09-11,106.25,106.3,106.22,106.3,874320
2015-09-14,106.22,106.3,106.2,106.29,1394700
2015-09-15,106.25,106.44,106.24,106.42,1196550
2015-09-16,106.4,106.52,106.4,106.47,1053150
2015-09-17,106.42,106.46,106.33,106.38,939610
2015-09-18,106.35,106.52,106.35,106.5,965320
2015-09-21,106.41,106.47,106.28,106.36,1101570
2015-09-22,106.35,106.35,106.23,106.29,1567460
2015-09-23,106.25,106.34,106.2,106.24,2303730
2015-09-24,106.22,106.33,106.13,106.31,1465180
2015-09-25,106.29,106.42,106.28,106.38,996830
2015-09-28,106.38,106.43,106.32,106.39,984570
2015-09-29,106.32,106.62,106.32,106.6,2918260
2015-09-30,106.55,106.67,106.5,106.67,1177010
2015-10-08,106.54,106.6,106.4,106.48,1536470
2015-10-09,106.54,106.71,106.49,106.58,3896540
2015-10-12,106.52,106.7,106.36,106.62,2685540
2015-10-13,106.53,106.66,106.53,106.65,1232760
2015-10-14,106.65,107.0,106.65,106.87,1905160
2015-10-15,106.89,106.89,106.78,106.83,1500950
2015-10-16,106.82,106.82,106.59,106.7,2291410
2015-10-19,106.65,106.77,106.63,106.75,2634290
2015-10-20,106.76,107.12,106.74,107.11,1959340
2015-10-21,107.01,107.25,107.01,107.23,1787300
2015-10-22,107.12,107.22,107.05,107.1,899520
2015-10-23,107.1,107.25,107.02,107.22,597960
2015-10-26,107.23,107.4,107.19,107.26,2213230
2015-10-27,107.2,107.66,107.15,107.64,1260950
2015-10-28,107.52,107.89,107.52,107.67,1031200
2015-10-29,107.59,107.6,107.24,107.35,2008380
2015-10-30,107.36,107.65,107.23,107.53,2158890
2015-11-02,107.41,107.65,107.41,107.59,880140
2015-11-03,107.59,107.65,107.48,107.6,667160
2015-11-04,107.53,107.63,106.8,107.05,3604700
2015-11-05,106.04,107.17,106.04,107.1,2488880
2015-11-06,106.91,107.19,106.86,106.99,2786070
2015-11-09,106.65,106.7,106.23,106.31,1834890
2015-11-10,106.39,106.57,106.26,106.5,2197660
2015-11-11,106.54,106.8,106.54,106.75,1532370
2015-11-12,106.66,106.8,106.5,106.68,2254440
2015-11-13,106.74,106.84,106.4,106.49,1304680
2015-11-16,106.41,106.61,106.25,106.47,2128510
2015-11-17,106.47,106.74,106.41,106.73,3780390
2015-11-18,106.73,106.73,106.47,106.52,1528540
2015-11-19,106.52,106.56,106.36,106.54,907250
2015-11-20,106.56,106.69,106.51,106.68,1069950
2015-11-23,106.67,106.9,106.55,106.88,895110
2015-11-24,106.72,107.33,106.7,107.25,1659660
2015-11-25,107.22,107.33,107.0,107.11,1352260
2015-11-26,107.25,107.35,106.96,107.23,750880
2015-11-27,107.29,107.33,107.04,107.16,863700
2015-11-30,107.01,107.25,107.01,107.2,243400
2015-12-01,107.08,107.4,107.08,107.26,521070
2015-12-02,107.14,107.48,107.14,107.37,358900
2015-12-03,107.31,107.51,107.23,107.43,377060
2015-12-04,107.36,107.55,107.36,107.54,826190
2015-12-07,107.54,107.54,107.37,107.5,1094220
2015-12-08,107.25,107.66,107.25,107.61,1559690
2015-12-09,107.62,107.67,107.48,107.53,1033430
2015-12-10,107.54,107.58,107.45,107.54,1109670
2015-12-11,107.6,107.66,107.44,107.56,516830
2015-12-14,107.42,107.49,107.35,107.38,1323420
2015-12-15,107.45,107.45,107.26,107.36,689810
2015-12-16,107.26,107.4,107.26,107.37,1482860
2015-12-17,107.38,108.0,107.38,107.45,944830
2015-12-18,107.49,108.0,107.45,107.61,1555080
2015-12-21,107.61,108.0,107.61,107.94,1275300
2015-12-22,107.88,108.0,107.75,108.0,1320210
2015-12-23,107.88,108.19,107.88,108.1,1205570
2015-12-24,108.02,108.31,108.0,108.27,1915980
2015-12-25,108.23,108.36,108.1,108.29,1898410
2015-12-28,108.23,108.59,108.23,108.58,1849660
2015-12-29,108.49,108.65,108.0,108.58,1016460
2015-12-30,108.46,108.48,108.28,108.33,1421270
2015-12-31,108.21,108.5,108.21,108.43,1447520
2016-01-04,108.3,108.37,108.15,108.24,3044180
2016-01-05,108.12,108.24,107.9,107.9,2611630
2016-01-06,107.9,108.17,107.74,108.15,1755780
2016-01-07,108.48,108.48,107.91,108.09,1614870
2016-01-08,108.05,108.4,108.05,108.4,2016870
2016-01-11,108.22,108.47,108.2,108.4,1127810
2016-01-12,108.31,108.68,108.31,108.67,1217280
2016-01-13,108.52,109.01,108.52,109.0,1090120
2016-01-14,108.84,109.0,108.72,108.75,2239870
2016-01-15,108.67,109.07,108.67,108.95,1532200
2016-01-18,109.0,109.0,108.7,108.83,1258790
2016-01-19,108.72,108.83,108.65,108.75,1268650
2016-01-20,108.69,108.69,108.12,108.5,2114080
2016-01-21,108.37,108.74,108.31,108.7,2966960
2016-01-22,108.7,108.9,108.7,108.7,1075750
2016-01-25,108.61,108.61,108.15,108.25,2204800
2016-01-26,108.25,108.43,108.21,108.24,1478990
2016-01-27,108.19,108.19,107.63,107.67,1989140
2016-01-28,107.79,107.95,107.59,107.93,2145000
2016-01-29,107.95,108.24,107.95,108.23,1513420
2016-02-01,108.05,108.33,108.05,108.18,1674200
2016-02-02,108.21,108.26,107.78,107.85,1410880
2016-02-03,107.68,107.95,107.68,107.9,461270
2016-02-04,107.86,108.2,107.86,108.18,322600
2016-02-05,108.2,108.43,108.19,108.28,1354430
2016-02-15,108.28,108.45,107.0,108.38,612840
2016-02-16,108.34,108.37,108.2,108.31,982330
2016-02-17,108.31,108.39,108.27,108.27,856910
2016-02-18,108.24,108.34,108.11,108.29,1124160
2016-02-19,108.23,108.32,108.12,108.25,70204
2016-02-22,108.2,108.21,108.08,108.17,1404050
2016-02-23,108.16,108.24,108.16,108.19,726550
2016-02-24,108.23,108.23,108.1,108.13,2984490
2016-02-25,108.17,108.28,108.01,108.1,4365880
2016-02-26,108.12,108.12,107.88,108.05,2021230
2016-02-29,108.05,108.13,107.93,108.13,2194690
2016-03-01,108.05,108.22,108.0,108.05,854200
2016-03-02,108.04,108.16,108.03,108.1,1362970
2016-03-03,108.05,108.06,107.9,108.05,3080280
2016-03-04,107.97,108.14,107.97,108.14,831000
2016-03-07,108.1,108.1,107.9,108.0,1545710
2016-03-08,108.0,108.09,107.99,108.08,521140
2016-03-09,108.05,108.2,108.05,108.18,2257690
2016-03-10,108.15,108.43,108.1,108.41,1382230
2016-03-11,108.37,108.56,108.37,108.54,858260
2016-03-14,108.47,108.56,108.4,108.52,1448070
2016-03-15,108.5,108.55,108.38,108.54,3154860
2016-03-16,108.47,108.79,108.47,108.68,1048320
2016-03-17,108.59,108.7,108.53,108.64,989720
2016-03-18,108.77,108.77,108.45,108.54,1306310
2016-03-21,108.4,108.48,108.25,108.46,970650
2016-03-22,108.45,108.52,108.36,108.5,1588380
2016-03-23,108.46,108.65,108.45,108.55,712340
2016-03-24,108.48,109.0,108.48,108.65,2314750
2016-03-25,108.58,108.78,108.57,108.77,993550
2016-03-28,108.67,108.75,108.6,108.67,1457960
2016-03-29,108.56,108.67,108.54,108.64,1186980
2016-03-30,108.52,108.75,108.52,108.68,1414970
2016-03-31,108.62,108.77,108.62,108.76,584290
2016-04-01,108.62,108.89,108.62,108.86,571130
2016-04-05,108.78,108.84,108.53,108.6,526930
2016-04-06,108.57,108.58,108.43,108.53,791680
2016-04-07,108.53,108.56,108.46,108.5,710890
2016-04-08,108.51,108.55,108.46,108.53,1268890
2016-04-11,108.48,108.57,108.44,108.48,922080
2016-04-12,108.5,108.57,108.39,108.57,1831120
2016-04-13,108.47,108.47,108.07,108.2,2264990
2016-04-14,108.2,108.24,107.95,108.04,1430740
2016-04-15,107.92,108.25,107.92,108.12,1718760
2016-04-18,108.2,108.2,108.01,108.12,1323860
2016-04-19,108.19,108.22,108.08,108.22,1765400
2016-04-20,108.17,108.3,107.84,108.1,1557380
2016-04-21,108.0,108.06,107.75,107.8,3147700
2016-04-22,107.85,107.85,107.49,107.69,2446560
2016-04-25,107.57,107.57,107.3,107.44,1464370
2016-04-26,107.31,107.75,107.31,107.73,1659970
2016-04-27,107.62,107.73,107.62,107.71,1171020
2016-04-28,107.63,107.86,107.63,107.77,1204080
2016-04-29,107.67,107.8,107.67,107.76,1352560
2016-05-03,107.6,107.84,107.6,107.76,958860
2016-05-04,107.74,107.79,107.63,107.69,651710
2016-05-05,107.58,107.75,107.58,107.73,500840
2016-05-06,107.77,107.77,107.59,107.77,1197850
2016-05-09,107.77,108.28,107.77,108.2,1112290
2016-05-10,108.1,108.26,108.05,108.11,522180
2016-05-11,108.06,108.2,107.88,108.08,550440
2016-05-12,108.08,108.14,108.01,108.1,587170
2016-05-13,108.11,108.16,108.03,108.1,516260
2016-05-16,108.02,108.12,108.02,108.05,1046310
2016-05-17,108.01,108.08,107.81,107.89,1100230
2016-05-18,107.86,107.88,107.61,107.7,916190
2016-05-19,107.63,107.73,107.63,107.7,781590
2016-05-20,107.7,107.8,107.7,107.77,125310
2016-05-23,107.69,107.8,107.6,107.73,813120
2016-05-24,107.64,107.81,107.63,107.81,1509720
2016-05-25,107.74,107.81,107.7,107.74,658420
2016-05-26,107.77,107.77,107.63,107.74,821230
2016-05-27,107.7,107.75,107.69,107.73,834870
2016-05-30,107.7,107.7,107.55,107.67,1242700
2016-05-31,107.66,107.7,107.52,107.7,1181570
2016-06-01,107.66,107.72,107.6,107.69,1020220
2016-06-02,107.66,107.7,107.5,107.56,1325970
2016-06-03,107.54,107.68,107.46,107.52,1326430
2016-06-06,107.47,107.58,107.47,107.54,706790
2016-06-07,107.53,107.58,107.39,107.42,2039670
2016-06-08,107.45,107.51,107.34,107.41,2289840
2016-06-13,107.36,107.44,107.36,107.43,1428410
2016-06-14,107.44,107.66,107.38,107.63,3186600
2016-06-15,107.55,107.67,107.55,107.66,1710890
2016-06-16,107.65,107.8,107.63,107.8,2382600
2016-06-17,107.8,107.88,107.72,107.82,1594710
2016-06-20,107.75,107.8,107.55,107.76,1269280
2016-06-21,107.67,107.78,107.67,107.77,2141450
2016-06-22,107.8,107.91,107.73,107.85,1921320
2016-06-23,107.77,107.86,107.77,107.82,1967280
2016-06-24,107.82,108.14,107.82,107.98,3158500
2016-06-27,107.92,108.15,107.91,108.11,1133310
2016-06-28,108.01,108.16,107.96,108.0,2462090
2016-06-29,107.95,108.11,107.86,107.99,2350630
2016-06-30,108.0,108.09,107.9,108.08,2130440
2016-07-01,108.08,108.25,108.08,108.25,775590
2016-07-04,108.12,108.2,108.0,108.06,1388880
2016-07-05,108.06,108.09,107.92,107.97,1045980
2016-07-06,107.92,108.09,107.92,108.06,1258870
2016-07-07,108.1,108.25,108.03,108.22,2024700
2016-07-08,108.16,108.32,108.16,108.29,817130
2016-07-11,108.29,108.29,108.14,108.2,731800
2016-07-12,108.23,108.26,99.15,108.2,1860490
2016-07-13,108.12,108.3,108.12,108.2,1729500
2016-07-14,108.15,108.2,108.07,108.13,1996880
2016-07-15,108.13,108.15,108.08,108.15,1473850
2016-07-18,108.14,108.19,108.08,108.11,296800
2016-07-19,108.12,108.24,108.05,108.19,956840
2016-07-20,108.26,108.37,108.1,108.3,1709920
2016-07-21,108.3,108.47,108.3,108.47,1119630
2016-07-22,108.47,108.47,108.4,108.47,623460
2016-07-25,108.38,108.44,108.33,108.4,826750
2016-07-26,108.46,108.53,108.33,108.45,1033630
2016-07-27,108.45,108.65,108.38,108.46,1260850
2016-07-28,108.47,108.65,108.39,108.62,904040
2016-07-29,108.61,108.67,108.5,108.57,695700
2016-08-01,108.45,108.55,108.41,108.49,809330
2016-08-02,108.5,108.57,108.45,108.55,408100
2016-08-03,108.49,108.64,108.49,108.6,820120
2016-08-04,108.56,108.67,108.56,108.6,1258440
2016-08-05,108.6,108.75,108.6,108.73,273800
2016-08-08,108.62,108.73,108.62,108.73,1148060
2016-08-09,108.69,108.98,108.69,108.91,2555350
2016-08-10,108.91,109.05,108.72,108.96,2149370
2016-08-11,108.99,108.99,108.86,108.96,745700
2016-08-12,108.99,109.14,108.9,108.98,1020770
2016-08-15,108.98,109.09,108.83,108.92,1262520
2016-08-16,108.83,108.89,108.7,108.72,1576960
2016-08-17,108.79,108.79,108.48,108.6,1228980
2016-08-18,108.51,108.65,108.46,108.62,1156620
2016-08-19,108.6,108.6,108.44,108.45,1219490
2016-08-22,108.41,108.42,108.11,108.38,838580
2016-08-23,108.24,108.37,108.11,108.13,655260
2016-08-24,108.15,108.2,107.87,107.95,907550
2016-08-25,107.94,108.12,107.91,108.0,1976330
2016-08-26,108.0,108.35,108.0,108.33,332080
2016-08-29,108.1,108.31,108.1,108.2,354270
2016-08-30,108.23,108.24,107.97,108.0,540300
2016-08-31,107.99,108.14,107.99,108.04,2585080
2016-09-01,108.04,108.15,107.93,108.14,1363440
2016-09-02,108.21,108.25,108.09,108.2,519280
2016-09-05,108.13,108.31,108.07,108.23,419960
2016-09-06,108.29,108.29,108.06,108.14,294060
2016-09-07,108.13,108.2,108.08,108.14,463270
2016-09-08,108.1,108.23,108.08,108.2,272770
2016-09-09,108.15,108.38,108.15,108.38,760540
2016-09-12,108.22,108.29,108.06,108.08,623070
2016-09-13,108.09,108.3,108.09,108.27,1072380
2016-09-14,108.34,108.36,108.21,108.34,462490
2016-09-19,108.18,108.34,108.18,108.3,214330
2016-09-20,108.3,108.45,108.22,108.38,872100
2016-09-21,108.39,108.39,108.16,108.17,430710
2016-09-22,108.23,108.35,108.12,108.3,530210
2016-09-23,108.32,108.44,108.3,108.42,626730
2016-09-26,108.32,108.47,108.32,108.45,735560
2016-09-27,108.44,108.45,108.38,108.41,375930
2016-09-28,108.41,108.42,108.23,108.37,441190
2016-09-29,108.35,108.43,108.33,108.41,937490
2016-09-30,108.42,108.55,108.41,108.49,262270
2016-10-10,108.39,108.62,108.39,108.59,1337410
2016-10-11,108.53,108.62,108.48,108.59,1686740
2016-10-12,108.53,108.61,108.45,108.51,499260
2016-10-13,108.51,108.59,108.45,108.57,757570
2016-10-14,108.56,108.72,108.56,108.64,2043670
2016-10-17,108.52,108.64,108.5,108.63,294530
2016-10-18,108.62,108.62,108.55,108.61,368610
2016-10-19,108.58,108.63,108.56,108.6,976020
2016-10-20,108.6,108.66,108.6,108.61,349260
2016-10-21,108.56,108.7,108.56,108.63,1324430
2016-10-24,108.63,108.67,108.47,108.48,899440
2016-10-25,108.48,108.55,108.31,108.32,724830
2016-10-26,108.35,108.35,108.09,108.17,1611530
2016-10-27,108.13,108.2,107.94,108.18,3237170
2016-10-28,108.17,108.25,108.11,108.19,675120
2016-10-31,108.19,108.19,108.03,108.06,600330
2016-11-01,108.02,108.09,107.97,108.07,665130
2016-11-02,108.04,108.05,107.95,108.04,324120
2016-11-03,108.02,108.2,108.0,108.05,2334350
2016-11-04,108.04,108.1,108.03,108.1,472840
2016-11-07,108.1,108.11,108.03,108.04,977140
2016-11-08,108.01,108.04,107.83,107.95,946200
2016-11-09,107.92,108.05,107.91,107.93,954140
2016-11-10,107.85,107.85,107.5,107.58,1329320
2016-11-11,107.6,107.6,107.41,107.49,1363920
2016-11-14,107.42,107.42,100.6,107.17,2696390
2016-11-15,107.05,107.25,106.94,107.22,1226010
2016-11-16,107.18,107.21,106.96,107.01,696090
2016-11-17,107.0,107.08,106.89,107.07,2250470
2016-11-18,107.0,107.2,106.91,107.15,1890330
2016-11-21,107.1,107.1,106.99,107.0,232030
2016-11-22,107.0,107.07,106.99,107.02,759420
2016-11-23,106.99,107.12,106.96,107.11,567640
2016-11-24,107.1,107.13,107.05,107.12,1019720
2016-11-25,107.1,107.12,107.06,107.09,1065190
2016-11-28,107.02,107.1,107.01,107.05,479370
2016-11-29,107.05,107.05,106.6,106.6,1032870
2016-11-30,106.53,106.59,106.19,106.36,1622290
2016-12-01,106.22,106.34,105.71,105.83,2137920
2016-12-02,106.19,106.19,105.77,105.87,1761090
2016-12-05,105.8,105.9,105.65,105.7,883700
2016-12-06,105.61,105.61,105.06,105.32,2760140
2016-12-07,105.4,105.55,105.2,105.5,1051640
2016-12-08,105.4,105.7,105.35,105.47,1749690
2016-12-09,105.37,105.64,105.37,105.55,758370
2016-12-12,105.54,105.54,105.11,105.15,1857780
2016-12-13,105.15,105.15,104.65,104.87,3719470
2016-12-14,104.8,104.8,104.57,104.66,1910070
2016-12-15,104.4,104.4,103.01,103.56,2872580
2016-12-16,103.56,103.97,103.45,103.82,1711290
2016-12-19,103.74,103.85,103.4,103.41,1668370
2016-12-20,103.14,103.5,103.14,103.29,1634620
2016-12-21,103.4,104.14,103.4,104.14,1714290
2016-12-22,103.85,104.5,103.85,104.25,1324280
2016-12-23,104.0,104.45,104.0,104.31,1689640
2016-12-26,104.31,104.8,104.3,104.67,1913460
2016-12-27,104.79,105.1,104.58,104.58,1523570
2016-12-28,104.67,104.7,104.4,104.56,1638180
2016-12-29,104.63,105.27,104.59,105.17,2488190
2016-12-30,105.54,105.55,105.1,105.25,1556540
2017-01-03,105.2,105.2,104.7,104.88,1512180
2017-01-04,104.83,104.98,104.75,104.78,1272780
2017-01-05,104.8,104.8,104.56,104.62,1656290
2017-01-06,104.7,104.86,104.6,104.64,1386480
2017-01-09,104.65,104.8,104.58,104.8,4776390
2017-01-10,105.21,105.21,104.76,104.97,2954860
2017-01-11,104.91,104.91,104.8,104.84,1117790
2017-01-12,104.81,104.98,104.76,104.9,753670
2017-01-13,104.91,105.07,104.85,104.96,1436040
2017-01-16,104.96,105.0,104.61,104.68,938190
2017-01-17,104.5,104.5,104.22,104.38,2421440
2017-01-18,104.31,104.48,104.3,104.36,576410
2017-01-19,104.26,104.48,104.01,104.4,1317890
2017-01-20,104.36,105.0,104.35,104.8,587690
2017-01-23,104.63,104.8,104.5,104.54,409290
2017-01-24,104.57,104.72,104.55,104.6,1161600
2017-01-25,104.5,104.5,103.84,104.26,1416840
2017-01-26,104.65,104.68,104.21,104.31,186400
2017-02-03,104.29,104.3,103.73,103.79,1741550
2017-02-06,103.87,103.87,103.57,103.62,1858920
2017-02-07,103.6,103.8,103.51,103.72,830120
2017-02-08,103.72,103.77,103.6,103.7,1127090
2017-02-09,103.7,103.99,103.7,103.95,1711020
2017-02-10,103.92,104.0,103.87,103.9,283290
2017-02-13,103.9,103.95,103.84,103.93,558530
2017-02-14,103.83,103.95,103.83,103.89,1299720
2017-02-15,103.84,103.95,103.82,103.95,1428460
2017-02-16,103.89,104.09,103.89,104.09,527460
2017-02-17,104.1,104.15,103.9,103.94,4232460
2017-02-20,103.94,104.3,103.94,104.3,1759790
2017-02-21,104.15,104.15,103.99,104.05,1233470
2017-02-22,104.04,104.23,104.04,104.21,780960
2017-02-23,104.16,104.38,104.15,104.25,1040270
2017-02-24,104.35,104.44,104.26,104.38,706280
2017-02-27,104.47,104.47,104.26,104.3,326990
2017-02-28,104.22,104.25,104.16,104.23,529620
2017-03-01,104.15,104.2,103.98,104.06,1024280
2017-03-02,104.0,104.1,103.72,103.84,876430
2017-03-03,103.88,103.9,103.8,103.8,614300
2017-03-06,103.78,103.9,103.71,103.89,813210
2017-03-07,103.82,103.94,103.81,103.94,2173190
2017-03-08,103.93,103.94,103.69,103.73,524700
2017-03-09,103.79,103.8,103.55,103.56,1463890
2017-03-10,103.6,103.6,103.46,103.5,737880
2017-03-13,103.5,103.6,103.45,103.6,895140
2017-03-14,103.6,103.74,103.52,103.73,1458740
2017-03-15,103.77,103.77,103.61,103.65,515160
2017-03-16,103.66,103.98,103.66,103.85,1162880
2017-03-17,103.74,103.92,103.74,103.85,302960
2017-03-20,103.73,103.89,103.66,103.7,860410
2017-03-21,103.62,103.75,103.62,103.7,531160
2017-03-22,103.67,103.84,103.6,103.8,890160
2017-03-23,103.85,103.85,103.75,103.82,343570
2017-03-24,103.94,104.24,103.79,104.19,1559660
2017-03-27,104.16,104.2,104.05,104.17,603310
2017-03-28,104.18,104.18,103.9,103.96,1587090
2017-03-29,103.89,104.18,103.86,104.1,648830
2017-03-30,104.01,104.01,103.9,103.99,194330
2017-03-31,103.82,104.18,103.82,103.97,388500
2017-04-05,104.0,104.0,103.88,103.91,809260
2017-04-06,104.0,104.09,103.88,103.88,591330
2017-04-07,103.91,104.02,103.9,104.01,1070820
2017-04-10,103.9,103.97,103.79,103.92,667800
2017-04-11,103.85,103.94,103.8,103.94,796840
2017-04-12,103.84,104.0,103.84,103.85,848550
2017-04-13,103.83,103.9,103.81,103.88,1131060
2017-04-14,103.9,104.0,103.68,103.72,542990
2017-04-17,103.72,103.78,103.35,103.37,1030740
2017-04-18,103.1,103.4,103.03,103.24,1256260
2017-04-19,103.24,103.36,103.21,103.26,609580
2017-04-20,103.27,103.27,103.04,103.2,478240
2017-04-21,103.15,103.18,103.06,103.1,810980
2017-04-24,103.07,103.1,102.71,102.79,1016800
2017-04-25,102.7,103.12,102.7,103.06,1155150
2017-04-26,103.05,103.15,102.93,103.0,1809290
2017-04-27,102.91,103.0,102.78,103.0,625590
2017-04-28,102.91,103.0,102.87,102.98,86350
2017-05-02,102.97,103.0,102.94,102.96,1286570
2017-05-03,102.86,102.95,102.78,102.83,474040
2017-05-04,102.8,102.8,102.2,102.43,1168090
2017-05-05,102.47,102.62,102.1,102.27,594180
2017-05-08,102.34,102.35,102.0,102.05,643950
2017-05-09,101.82,102.09,101.82,102.09,301740
2017-05-10,102.0,102.29,101.96,101.96,449830
2017-05-11,102.01,102.21,101.82,102.21,896750
2017-05-12,102.24,102.24,101.76,101.88,1187650
2017-05-15,101.95,102.04,101.9,102.0,594160
2017-05-16,101.98,102.05,101.96,102.01,569530
2017-05-17,101.91,102.07,101.88,101.94,1004330
2017-05-18,101.94,102.18,101.94,102.15,605750
2017-05-19,102.06,102.18,101.98,102.04,627230
2017-05-22,102.02,102.02,101.78,101.8,1044040
2017-05-23,101.84,101.92,101.71,101.85,192610
2017-05-24,101.86,101.97,101.69,101.95,300830
2017-05-25,101.95,102.15,101.85,102.1,569020
2017-05-26,102.1,102.1,102.0,102.05,337000
2017-05-31,102.05,102.23,102.05,102.1,546020
2017-06-01,102.17,102.25,102.1,102.21,592480
2017-06-02,102.21,102.21,102.06,102.19,1218500
2017-06-05,102.07,102.37,102.07,102.24,383600
2017-06-06,102.24,102.24,101.9,101.93,669880
2017-06-07,101.8,102.15,101.73,102.03,442880
2017-06-08,102.14,102.14,102.0,102.03,333260
2017-06-09,102.03,102.19,102.03,102.19,241440
2017-06-12,102.19,102.57,102.14,102.53,1408790
2017-06-13,102.52,102.6,102.38,102.45,348180
2017-06-14,102.54,102.55,102.39,102.54,669020
2017-06-15,102.52,102.69,102.4,102.43,1066500
2017-06-16,102.31,102.44,102.15,102.37,732900
2017-06-19,102.39,102.9,102.36,102.84,680560
2017-06-20,102.73,102.94,102.68,102.83,426870
2017-06-21,102.71,102.82,102.6,102.69,490610
2017-06-22,102.69,102.69,102.46,102.67,359670
2017-06-23,102.61,102.79,102.55,102.67,338230
2017-06-26,102.68,102.88,102.62,102.87,858670
2017-06-27,102.89,102.98,102.73,102.91,1038690
2017-06-28,102.88,102.92,102.73,102.76,868090
2017-06-29,102.7,102.79,102.55,102.65,922150
2017-06-30,102.65,102.65,102.41,102.56,615970
2017-07-03,102.62,102.62,102.35,102.36,402580
2017-07-04,102.36,102.37,102.25,102.35,688150
2017-07-05,102.39,102.5,102.34,102.5,605890
2017-07-06,102.54,102.69,102.45,102.65,804020
2017-07-07,102.66,102.66,102.51,102.51,748710
2017-07-10,102.45,102.62,102.41,102.5,1044470
2017-07-11,102.47,102.56,102.4,102.46,991280
2017-07-12,102.4,102.61,102.4,102.47,1615350
2017-07-13,102.52,102.6,102.52,102.56,1555080
2017-07-14,102.56,102.58,102.48,102.56,1073040
2017-07-17,102.56,102.61,102.48,102.5,1941400
2017-07-18,102.45,102.5,102.19,102.24,2071990
2017-07-19,102.24,102.35,102.24,102.3,2172780
2017-07-20,102.28,102.36,102.27,102.34,1801970
2017-07-21,102.4,102.4,102.2,102.21,1875710
2017-07-24,102.03,102.26,102.03,102.19,1782490
2017-07-25,102.17,102.34,102.08,102.18,1762750
2017-07-26,102.18,102.19,102.05,102.1,1082970
2017-07-27,102.1,102.17,102.09,102.16,1489840
2017-07-28,102.12,102.16,102.1,102.14,1836440
2017-07-31,102.11,102.19,102.09,102.13,1374040
2017-08-01,102.13,102.19,101.9,102.04,1877340
2017-08-02,102.06,102.17,102.04,102.13,820210
2017-08-03,102.14,102.18,102.11,102.18,1249890
2017-08-04,102.11,102.29,102.11,102.22,920160
2017-08-07,102.23,102.23,102.05,102.08,1471090
2017-08-08,102.01,102.11,101.97,102.07,1063800
2017-08-09,102.07,102.1,102.0,102.07,544380
2017-08-10,102.12,102.12,102.06,102.07,532870
2017-08-11,102.09,102.15,102.08,102.12,1638120
2017-08-14,102.12,102.25,102.07,102.2,1160920
2017-08-15,102.28,102.28,102.18,102.21,973230
2017-08-16,102.21,102.22,102.13,102.15,284190
